Country or region,Year,Score,GDP per capita,Social support,Healthy life expectancy,Freedom to make life choices,Generosity,Perceptions of corruption
Norway,2017,7.53700017929077,1.61646318435669,1.53352355957031,0.796666502952576,0.635422587394714,0.36201223731041,0.315963834524155
Denmark,2017,7.52199983596802,1.48238301277161,1.55112159252167,0.792565524578094,0.626006722450256,0.355280488729477,0.40077006816864
Iceland,2017,7.50400018692017,1.480633020401,1.6105740070343,0.833552122116089,0.627162635326385,0.475540220737457,0.153526559472084
Switzerland,2017,7.49399995803833,1.56497955322266,1.51691174507141,0.858131289482117,0.620070576667786,0.290549278259277,0.367007285356522
Finland,2017,7.4689998626709,1.44357192516327,1.5402467250824,0.80915766954422,0.617950856685638,0.24548277258873,0.38261154294014
Netherlands,2017,7.3769998550415,1.50394463539124,1.42893922328949,0.810696125030518,0.585384488105774,0.470489829778671,0.282661825418472
Canada,2017,7.31599998474121,1.47920441627502,1.48134899139404,0.83455765247345,0.611100912094116,0.435539722442627,0.287371516227722
New Zealand,2017,7.31400012969971,1.40570604801178,1.54819512367249,0.816759705543518,0.614062130451202,0.500005125999451,0.382816702127457
Sweden,2017,7.28399991989136,1.49438726902008,1.47816216945648,0.830875158309937,0.612924098968506,0.385399252176285,0.384398728609085
Australia,2017,7.28399991989136,1.484414935112,1.51004195213318,0.84388679265976,0.601607382297516,0.477699249982834,0.301183730363846
Israel,2017,7.21299982070923,1.37538242340088,1.37628996372223,0.83840399980545,0.405988603830338,0.330082654953003,0.0852421000599861
Costa Rica,2017,7.0789999961853,1.10970628261566,1.41640365123749,0.759509265422821,0.580131649971008,0.214613229036331,0.100106589496136
Austria,2017,7.00600004196167,1.48709726333618,1.4599449634552,0.815328419208527,0.567766189575195,0.316472321748734,0.221060365438461
United States,2017,6.99300003051758,1.54625928401947,1.41992056369781,0.77428662776947,0.505740523338318,0.392578780651093,0.135638788342476
Ireland,2017,6.97700023651123,1.53570663928986,1.55823111534119,0.80978262424469,0.573110342025757,0.42785832285881,0.29838815331459
Germany,2017,6.95100021362305,1.48792338371277,1.47252035140991,0.798950731754303,0.562511384487152,0.336269170045853,0.276731938123703
Belgium,2017,6.89099979400635,1.46378076076508,1.46231269836426,0.818091869354248,0.539770722389221,0.231503337621689,0.251343131065369
Luxembourg,2017,6.86299991607666,1.74194359779358,1.45758366584778,0.845089495182037,0.59662789106369,0.283180981874466,0.31883442401886
United Kingdom,2017,6.71400022506714,1.44163393974304,1.49646008014679,0.805335938930511,0.508190035820007,0.492774158716202,0.265428066253662
Chile,2017,6.65199995040894,1.25278460979462,1.28402495384216,0.819479703903198,0.376895278692245,0.326662421226501,0.0822879821062088
United Arab Emirates,2017,6.64799976348877,1.62634336948395,1.26641023159027,0.726798236370087,0.60834527015686,0.3609419465065,0.324489563703537
Brazil,2017,6.63500022888184,1.10735321044922,1.43130600452423,0.616552352905273,0.437453746795654,0.16234989464283,0.111092761158943
Czech Republic,2017,6.60900020599365,1.35268235206604,1.43388521671295,0.754444003105164,0.490946173667908,0.0881067588925362,0.0368729270994663
Argentina,2017,6.59899997711182,1.18529546260834,1.44045114517212,0.695137083530426,0.494519203901291,0.109457060694695,0.059739887714386
Mexico,2017,6.57800006866455,1.15318381786346,1.210862159729,0.709978997707367,0.412730008363724,0.120990432798862,0.132774114608765
Singapore,2017,6.57200002670288,1.69227766990662,1.35381436347961,0.949492394924164,0.549840569496155,0.345965981483459,0.46430778503418
Malta,2017,6.52699995040894,1.34327983856201,1.48841166496277,0.821944236755371,0.588767051696777,0.574730575084686,0.153066068887711
Uruguay,2017,6.4539999961853,1.21755969524384,1.41222786903381,0.719216823577881,0.57939225435257,0.175096929073334,0.178061872720718
Guatemala,2017,6.4539999961853,0.872001945972443,1.25558519363403,0.540239989757538,0.531310617923737,0.283488392829895,0.0772232785820961
Panama,2017,6.4520001411438,1.23374843597412,1.37319254875183,0.706156134605408,0.550026834011078,0.21055693924427,0.070983923971653
France,2017,6.44199991226196,1.43092346191406,1.38777685165405,0.844465851783752,0.470222115516663,0.129762306809425,0.172502428293228
Thailand,2017,6.42399978637695,1.12786877155304,1.42579245567322,0.647239029407501,0.580200731754303,0.572123110294342,0.0316127352416515
Spain,2017,6.40299987792969,1.38439786434174,1.53209090232849,0.888960599899292,0.408781230449677,0.190133571624756,0.0709140971302986
Qatar,2017,6.375,1.87076568603516,1.27429687976837,0.710098087787628,0.604130983352661,0.330473870038986,0.439299255609512
Colombia,2017,6.35699987411499,1.07062232494354,1.4021829366684,0.595027923583984,0.477487415075302,0.149014472961426,0.0466687418520451
Saudi Arabia,2017,6.3439998626709,1.53062355518341,1.28667759895325,0.590148329734802,0.449750572443008,0.147616013884544,0.27343225479126
Kuwait,2017,6.10500001907349,1.63295245170593,1.25969874858856,0.632105708122253,0.496337592601776,0.228289797902107,0.215159550309181
Slovakia,2017,6.09800004959106,1.32539355754852,1.50505924224854,0.712732911109924,0.295817464590073,0.136544480919838,0.0242108516395092
Bahrain,2017,6.08699989318848,1.48841226100922,1.32311046123505,0.653133034706116,0.536746919155121,0.172668486833572,0.257042169570923
Malaysia,2017,6.08400011062622,1.29121541976929,1.28464603424072,0.618784427642822,0.402264982461929,0.416608929634094,0.0656007081270218
Nicaragua,2017,6.07100009918213,0.737299203872681,1.28721570968628,0.653095960617065,0.447551846504211,0.301674216985703,0.130687981843948
Ecuador,2017,6.00799989700317,1.00082039833069,1.28616881370544,0.685636222362518,0.4551981985569,0.150112465023994,0.140134647488594
El Salvador,2017,6.00299978256226,0.909784495830536,1.18212509155273,0.596018552780151,0.432452529668808,0.0782579854130745,0.0899809598922729
Poland,2017,5.97300004959106,1.29178786277771,1.44571197032928,0.699475347995758,0.520342111587524,0.158465966582298,0.0593078061938286
Uzbekistan,2017,5.97100019454956,0.786441087722778,1.54896914958954,0.498272627592087,0.658248662948608,0.415983647108078,0.246528223156929
Italy,2017,5.96400022506714,1.39506661891937,1.44492328166962,0.853144347667694,0.256450712680817,0.17278964817524,0.0280280914157629
Russia,2017,5.96299982070923,1.28177809715271,1.46928238868713,0.547349333763123,0.373783111572266,0.0522638224065304,0.0329628810286522
Japan,2017,5.92000007629395,1.41691517829895,1.43633782863617,0.913475871086121,0.505625545978546,0.12057276815176,0.163760736584663
Lithuania,2017,5.90199995040894,1.31458234786987,1.47351610660553,0.62894994020462,0.234231784939766,0.010164656676352,0.0118656428530812
Algeria,2017,5.87200021743774,1.09186446666718,1.1462174654007,0.617584645748138,0.233335807919502,0.0694366469979286,0.146096110343933
Latvia,2017,5.84999990463257,1.26074862480164,1.40471494197845,0.638566970825195,0.325707912445068,0.153074786067009,0.0738427266478539
South Korea,2017,5.83799982070923,1.40167844295502,1.12827444076538,0.900214076042175,0.257921665906906,0.206674367189407,0.0632826685905457
Moldova,2017,5.83799982070923,0.728870630264282,1.25182557106018,0.589465200901031,0.240729048848152,0.208779126405716,0.0100912861526012
Romania,2017,5.82499980926514,1.21768391132355,1.15009129047394,0.685158312320709,0.457003742456436,0.133519917726517,0.00438790069893
Bolivia,2017,5.82299995422363,0.833756566047668,1.22761905193329,0.473630249500275,0.558732926845551,0.22556072473526,0.0604777261614799
Turkmenistan,2017,5.82200002670288,1.13077676296234,1.49314916133881,0.437726080417633,0.41827192902565,0.24992498755455,0.259270340204239
Kazakhstan,2017,5.81899976730347,1.28455626964569,1.38436901569366,0.606041550636292,0.437454283237457,0.201964423060417,0.119282886385918
Slovenia,2017,5.75799989700317,1.3412059545517,1.45251882076263,0.790828227996826,0.572575807571411,0.242649093270302,0.0451289787888527
Peru,2017,5.71500015258789,1.03522527217865,1.21877038478851,0.630166113376617,0.450002878904343,0.126819714903831,0.0470490865409374
Mauritius,2017,5.62900018692017,1.18939554691315,1.20956099033356,0.638007462024689,0.491247326135635,0.360933750867844,0.0421815551817417
Cyprus,2017,5.62099981307983,1.35593807697296,1.13136327266693,0.84471470117569,0.355111539363861,0.271254301071167,0.0412379764020443
Estonia,2017,5.61100006103516,1.32087934017181,1.47667109966278,0.695168316364288,0.479131430387497,0.0988908112049103,0.183248922228813
Belarus,2017,5.56899976730347,1.15655755996704,1.44494521617889,0.637714266777039,0.295400261878967,0.15513750910759,0.156313821673393
Libya,2017,5.52500009536743,1.10180306434631,1.35756433010101,0.520169019699097,0.465733230113983,0.152073666453362,0.0926102101802826
Turkey,2017,5.5,1.19827437400818,1.33775317668915,0.637605607509613,0.300740599632263,0.0466930419206619,0.0996715798974037
Paraguay,2017,5.49300003051758,0.932537317276001,1.50728487968445,0.579250693321228,0.473507791757584,0.224150657653809,0.091065913438797
Philippines,2017,5.42999982833862,0.85769921541214,1.25391757488251,0.468009054660797,0.585214674472809,0.193513423204422,0.0993318930268288
Serbia,2017,5.39499998092651,1.06931757926941,1.25818979740143,0.65078467130661,0.208715528249741,0.220125883817673,0.0409037806093693
Jordan,2017,5.33599996566772,0.991012394428253,1.23908889293671,0.604590058326721,0.418421149253845,0.172170460224152,0.11980327218771
Hungary,2017,5.32399988174438,1.2860119342804,1.34313309192657,0.687763452529907,0.175863519310951,0.0784016624093056,0.0366369374096394
Jamaica,2017,5.31099987030029,0.925579309463501,1.36821806430817,0.641022384166718,0.474307239055634,0.233818337321281,0.0552677810192108
Croatia,2017,5.29300022125244,1.22255623340607,0.96798300743103,0.701288521289825,0.255772292613983,0.248002976179123,0.0431031100451946
Kosovo,2017,5.27899980545044,0.951484382152557,1.13785350322723,0.541452050209045,0.260287940502167,0.319931447505951,0.0574716180562973
China,2017,5.27299976348877,1.08116579055786,1.16083741188049,0.741415500640869,0.472787708044052,0.0288068410009146,0.0227942746132612
Pakistan,2017,5.26900005340576,0.72688353061676,0.672690689563751,0.402047783136368,0.23521526157856,0.315446019172668,0.124348066747189
Indonesia,2017,5.26200008392334,0.995538592338562,1.27444469928741,0.492345720529556,0.443323463201523,0.611704587936401,0.0153171354904771
Venezuela,2017,5.25,1.12843120098114,1.43133759498596,0.617144227027893,0.153997123241425,0.0650196298956871,0.0644911229610443
Montenegro,2017,5.23699998855591,1.12112903594971,1.23837649822235,0.667464673519135,0.194989055395126,0.197911024093628,0.0881741940975189
Morocco,2017,5.2350001335144,0.878114581108093,0.774864435195923,0.59771066904068,0.408158332109451,0.0322099551558495,0.0877631828188896
Azerbaijan,2017,5.23400020599365,1.15360176563263,1.15240025520325,0.540775775909424,0.398155838251114,0.0452693402767181,0.180987507104874
Dominican Republic,2017,5.23000001907349,1.07937383651733,1.40241670608521,0.574873745441437,0.55258983373642,0.186967849731445,0.113945253193378
Greece,2017,5.22700023651123,1.28948748111725,1.23941457271576,0.810198903083801,0.0957312509417534,0.0,0.04328977689147
Lebanon,2017,5.22499990463257,1.07498753070831,1.12962424755096,0.735081076622009,0.288515985012054,0.264450758695602,0.037513829767704
Portugal,2017,5.19500017166138,1.3151752948761,1.36704301834106,0.795843541622162,0.498465299606323,0.0951027125120163,0.0158694516867399
Bosnia and Herzegovina,2017,5.18200016021729,0.982409417629242,1.0693359375,0.705186307430267,0.204403176903725,0.328867495059967,0.0
Honduras,2017,5.18100023269653,0.730573117733002,1.14394497871399,0.582569479942322,0.348079860210419,0.236188873648643,0.0733454525470734
Somalia,2017,5.15100002288818,0.0226431842893362,0.721151351928711,0.113989137113094,0.602126955986023,0.291631311178207,0.282410323619843
Vietnam,2017,5.07399988174438,0.788547575473785,1.27749133110046,0.652168989181519,0.571055591106415,0.234968051314354,0.0876332372426987
Nigeria,2017,5.07399988174438,0.783756256103516,1.21577048301697,0.0569157302379608,0.394952565431595,0.230947196483612,0.0261215660721064
Tajikistan,2017,5.04099988937378,0.524713635444641,1.27146327495575,0.529235124588013,0.471566706895828,0.248997643589973,0.146377146244049
Bhutan,2017,5.01100015640259,0.885416388511658,1.34012651443481,0.495879292488098,0.501537680625916,0.474054545164108,0.173380389809608
Kyrgyzstan,2017,5.00400018692017,0.596220076084137,1.39423859119415,0.553457796573639,0.454943388700485,0.42858037352562,0.0394391790032387
Nepal,2017,4.96199989318848,0.479820191860199,1.17928326129913,0.504130780696869,0.440305948257446,0.394096165895462,0.0729755461215973
Mongolia,2017,4.95499992370605,1.02723586559296,1.4930112361908,0.557783484458923,0.394143968820572,0.338464230298996,0.0329022891819477
South Africa,2017,4.8289999961853,1.05469870567322,1.38478863239288,0.187080070376396,0.479246735572815,0.139362379908562,0.0725094974040985
Tunisia,2017,4.80499982833862,1.00726580619812,0.868351459503174,0.613212049007416,0.289680689573288,0.0496933571994305,0.0867231488227844
Palestinian Territories,2017,4.77500009536743,0.716249227523804,1.15564715862274,0.565666973590851,0.25471106171608,0.114173173904419,0.0892826020717621
Egypt,2017,4.7350001335144,0.989701807498932,0.997471392154694,0.520187258720398,0.282110154628754,0.128631442785263,0.114381365478039
Bulgaria,2017,4.71400022506714,1.1614590883255,1.43437945842743,0.708217680454254,0.289231717586517,0.113177694380283,0.0110515309497714
Sierra Leone,2017,4.70900011062622,0.36842092871666,0.984136044979095,0.0055647538974881,0.318697690963745,0.293040901422501,0.0710951760411263
Cameroon,2017,4.69500017166138,0.564305365085602,0.946018218994141,0.132892116904259,0.430388748645782,0.236298456788063,0.0513066314160824
Iran,2017,4.69199991226196,1.15687310695648,0.711551249027252,0.639333188533783,0.249322608113289,0.387242913246155,0.048761073499918
Albania,2017,4.64400005340576,0.996192753314972,0.803685247898102,0.731159746646881,0.381498634815216,0.201312944293022,0.0398642159998417
Bangladesh,2017,4.60799980163574,0.586682975292206,0.735131740570068,0.533241033554077,0.478356659412384,0.172255352139473,0.123717859387398
Namibia,2017,4.57399988174438,0.964434325695038,1.0984708070755,0.33861181139946,0.520303547382355,0.0771337449550629,0.0931469723582268
Kenya,2017,4.55299997329712,0.560479462146759,1.06795072555542,0.309988349676132,0.452763766050339,0.444860309362411,0.0646413192152977
Mozambique,2017,4.55000019073486,0.234305649995804,0.870701014995575,0.106654435396194,0.480791091918945,0.322228103876114,0.179436385631561
Myanmar,2017,4.54500007629395,0.367110550403595,1.12323594093323,0.397522568702698,0.514492034912109,0.838075160980225,0.188816204667091
Senegal,2017,4.53499984741211,0.479309022426605,1.17969191074371,0.409362852573395,0.377922266721725,0.183468893170357,0.115460447967052
Zambia,2017,4.51399993896484,0.636406779289246,1.00318729877472,0.257835894823074,0.461603492498398,0.249580144882202,0.0782135501503944
Iraq,2017,4.49700021743774,1.10271048545837,0.978613197803497,0.501180469989777,0.288555532693863,0.19963726401329,0.107215754687786
Gabon,2017,4.46500015258789,1.1982102394104,1.1556202173233,0.356578588485718,0.312328577041626,0.0437853783369064,0.0760467872023582
Ethiopia,2017,4.46000003814697,0.339233845472336,0.86466920375824,0.353409707546234,0.408842742443085,0.312650740146637,0.165455713868141
Sri Lanka,2017,4.44000005722046,1.00985014438629,1.25997638702393,0.625130832195282,0.561213254928589,0.490863561630249,0.0736539661884308
Armenia,2017,4.37599992752075,0.900596737861633,1.00748372077942,0.637524425983429,0.198303267359734,0.0834880918264389,0.0266744215041399
India,2017,4.31500005722046,0.792221248149872,0.754372596740723,0.455427616834641,0.469987004995346,0.231538489460945,0.0922268852591515
Mauritania,2017,4.29199981689453,0.648457288742065,1.2720308303833,0.285349279642105,0.0960980430245399,0.201870024204254,0.136957004666328
Congo (Brazzaville),2017,4.29099988937378,0.808964252471924,0.832044363021851,0.28995743393898,0.435025870800018,0.120852127671242,0.0796181336045265
Georgia,2017,4.28599977493286,0.950612664222717,0.57061493396759,0.649546980857849,0.309410035610199,0.0540088154375553,0.251666635274887
Congo (Kinshasa),2017,4.28000020980835,0.0921023488044739,1.22902345657349,0.191407024860382,0.235961347818375,0.246455833315849,0.0602413564920425
Mali,2017,4.19000005722046,0.476180493831635,1.28147339820862,0.169365674257278,0.306613743305206,0.183354198932648,0.104970246553421
Ivory Coast,2017,4.17999982833862,0.603048920631409,0.904780030250549,0.0486421696841717,0.447706192731857,0.201237469911575,0.130061775445938
Cambodia,2017,4.16800022125244,0.601765096187592,1.00623834133148,0.429783403873444,0.633375823497772,0.385922968387604,0.0681059509515762
Ghana,2017,4.11999988555908,0.667224824428558,0.873664736747742,0.295637726783752,0.423026293516159,0.256923943758011,0.0253363698720932
Ukraine,2017,4.09600019454956,0.89465194940567,1.39453756809235,0.575903952121735,0.122974775731564,0.270061463117599,0.0230294708162546
Uganda,2017,4.08099985122681,0.381430715322495,1.12982773780823,0.217632606625557,0.443185955286026,0.325766056776047,0.057069718837738
Burkina Faso,2017,4.03200006484985,0.3502277135849,1.04328000545502,0.215844258666039,0.324367851018906,0.250864684581757,0.120328105986118
Niger,2017,4.02799987792969,0.161925330758095,0.993025004863739,0.26850500702858,0.36365869641304,0.228673845529556,0.138572946190834
Malawi,2017,3.97000002861023,0.233442038297653,0.512568831443787,0.315089583396912,0.466914653778076,0.287170469760895,0.0727116540074348
Chad,2017,3.93600010871887,0.438012987375259,0.953855872154236,0.0411347150802612,0.16234202682972,0.216113850474358,0.0535818822681904
Zimbabwe,2017,3.875,0.375846534967422,1.08309590816498,0.196763753890991,0.336384207010269,0.189143493771553,0.0953753814101219
Lesotho,2017,3.80800008773804,0.521021246910095,1.19009518623352,0.0,0.390661299228668,0.157497271895409,0.119094640016556
Afghanistan,2017,3.79399991035461,0.401477217674255,0.581543326377869,0.180746778845787,0.106179520487785,0.311870932579041,0.0611578300595284
Botswana,2017,3.76600003242493,1.12209415435791,1.22155499458313,0.341755509376526,0.505196332931519,0.0993484482169151,0.0985831990838051
Benin,2017,3.65700006484985,0.431085407733917,0.435299843549728,0.209930211305618,0.425962775945663,0.207948461174965,0.0609290152788162
Madagascar,2017,3.64400005340576,0.305808693170547,0.913020372390747,0.375223308801651,0.189196765422821,0.208732530474663,0.0672319754958153
Haiti,2017,3.6029999256134,0.368610262870789,0.640449821949005,0.277321130037308,0.0303698573261499,0.489203780889511,0.0998721495270729
Yemen,2017,3.59299993515015,0.591683447360992,0.93538224697113,0.310080915689468,0.249463722109795,0.104125209152699,0.0567674227058887
South Sudan,2017,3.59100008010864,0.39724862575531,0.601323127746582,0.163486003875732,0.147062435746193,0.285670816898346,0.116793513298035
Liberia,2017,3.53299999237061,0.119041793048382,0.872117936611176,0.229918196797371,0.332881182432175,0.26654988527298,0.0389482490718365
Guinea,2017,3.50699996948242,0.244549930095673,0.791244685649872,0.194129139184952,0.348587512969971,0.264815092086792,0.110937617719173
Togo,2017,3.49499988555908,0.305444717407227,0.431882530450821,0.247105568647385,0.38042613863945,0.196896150708199,0.0956650152802467
Rwanda,2017,3.47099995613098,0.368745893239975,0.945707023143768,0.326424807310104,0.581843852996826,0.252756029367447,0.455220013856888
Syria,2017,3.46199989318848,0.777153134346008,0.396102607250214,0.50053334236145,0.0815394446253777,0.493663728237152,0.151347130537033
Tanzania,2017,3.34899997711182,0.511135876178741,1.04198980331421,0.364509284496307,0.390017777681351,0.354256361722946,0.0660351067781448
Burundi,2017,2.90499997138977,0.091622568666935,0.629793584346771,0.151610791683197,0.0599007532000542,0.204435184597969,0.0841479450464249
Central African Republic,2017,2.69300007820129,0.0,0.0,0.0187726859003305,0.270842045545578,0.280876487493515,0.0565650761127472
Finland,2018,7.632,1.305,1.592,0.874,0.681,0.202,0.393
Norway,2018,7.594,1.456,1.582,0.861,0.686,0.286,0.34
Denmark,2018,7.555,1.351,1.59,0.868,0.683,0.284,0.408
Iceland,2018,7.495,1.343,1.644,0.914,0.677,0.353,0.138
Switzerland,2018,7.487,1.42,1.549,0.927,0.66,0.256,0.357
Netherlands,2018,7.441,1.361,1.488,0.878,0.638,0.333,0.295
Canada,2018,7.328,1.33,1.532,0.896,0.653,0.321,0.291
New Zealand,2018,7.324,1.268,1.601,0.876,0.669,0.365,0.389
Sweden,2018,7.314,1.355,1.501,0.913,0.659,0.285,0.383
Australia,2018,7.272,1.34,1.573,0.91,0.647,0.361,0.302
United Kingdom,2018,7.19,1.244,1.433,0.888,0.464,0.262,0.082
Austria,2018,7.139,1.341,1.504,0.891,0.617,0.242,0.224
Costa Rica,2018,7.072,1.01,1.459,0.817,0.632,0.143,0.101
Ireland,2018,6.977,1.448,1.583,0.876,0.614,0.307,0.306
Germany,2018,6.965,1.34,1.474,0.861,0.586,0.273,0.28
Belgium,2018,6.927,1.324,1.483,0.894,0.583,0.188,0.24
Luxembourg,2018,6.91,1.576,1.52,0.896,0.632,0.196,0.321
United States,2018,6.886,1.398,1.471,0.819,0.547,0.291,0.133
Israel,2018,6.814,1.301,1.559,0.883,0.533,0.354,0.272
United Arab Emirates,2018,6.774,2.096,0.776,0.67,0.284,0.186,
Czech Republic,2018,6.711,1.233,1.489,0.854,0.543,0.064,0.034
Malta,2018,6.627,1.27,1.525,0.884,0.645,0.376,0.142
France,2018,6.489,1.293,1.466,0.908,0.52,0.098,0.176
Mexico,2018,6.488,1.038,1.252,0.761,0.479,0.069,0.095
Chile,2018,6.476,1.131,1.331,0.808,0.431,0.197,0.061
Panama,2018,6.43,1.112,1.438,0.759,0.597,0.125,0.063
Brazil,2018,6.419,0.986,1.474,0.675,0.493,0.11,0.088
Argentina,2018,6.388,1.073,1.468,0.744,0.57,0.062,0.054
Guatemala,2018,6.382,0.781,1.268,0.608,0.604,0.179,0.071
Uruguay,2018,6.379,1.093,1.459,0.771,0.625,0.13,0.155
Qatar,2018,6.374,1.649,1.303,0.748,0.654,0.256,0.171
Saudi Arabia,2018,6.371,1.379,1.331,0.633,0.509,0.098,0.127
Singapore,2018,6.343,1.529,1.451,1.008,0.631,0.261,0.457
Malaysia,2018,6.322,1.161,1.258,0.669,0.356,0.311,0.059
Spain,2018,6.31,1.251,1.538,0.965,0.449,0.142,0.074
Colombia,2018,6.26,0.96,1.439,0.635,0.531,0.099,0.039
Slovakia,2018,6.173,1.21,1.537,0.776,0.354,0.118,0.014
El Salvador,2018,6.167,0.806,1.231,0.639,0.461,0.065,0.082
Nicaragua,2018,6.141,0.668,1.319,0.7,0.527,0.208,0.128
Poland,2018,6.123,1.176,1.448,0.781,0.546,0.108,0.064
Bahrain,2018,6.105,1.338,1.366,0.698,0.594,0.243,0.123
Uzbekistan,2018,6.096,0.719,1.584,0.605,0.724,0.328,0.259
Kuwait,2018,6.083,1.474,1.301,0.675,0.554,0.167,0.106
Thailand,2018,6.072,1.016,1.417,0.707,0.637,0.364,0.029
Italy,2018,6.0,1.264,1.501,0.946,0.281,0.137,0.028
Ecuador,2018,5.973,0.889,1.33,0.736,0.556,0.114,0.12
Lithuania,2018,5.952,1.197,1.527,0.716,0.35,0.026,0.006
Slovenia,2018,5.948,1.219,1.506,0.856,0.633,0.16,0.051
Romania,2018,5.945,1.116,1.219,0.726,0.528,0.088,0.001
Latvia,2018,5.933,1.148,1.454,0.671,0.363,0.092,0.066
Japan,2018,5.915,1.294,1.462,0.988,0.553,0.079,0.15
Mauritius,2018,5.891,1.09,1.387,0.684,0.584,0.245,0.05
Jamaica,2018,5.89,0.819,1.493,0.693,0.575,0.096,0.031
South Korea,2018,5.875,1.266,1.204,0.955,0.244,0.175,0.051
Russia,2018,5.81,1.151,1.479,0.599,0.399,0.065,0.025
Kazakhstan,2018,5.79,1.143,1.516,0.631,0.454,0.148,0.121
Cyprus,2018,5.762,1.229,1.191,0.909,0.423,0.202,0.035
Bolivia,2018,5.752,0.751,1.223,0.508,0.606,0.141,0.054
Estonia,2018,5.739,1.2,1.532,0.737,0.553,0.086,0.174
Paraguay,2018,5.681,0.835,1.522,0.615,0.541,0.162,0.074
Peru,2018,5.663,0.934,1.249,0.674,0.53,0.092,0.034
Kosovo,2018,5.662,0.855,1.23,0.578,0.448,0.274,0.023
Moldova,2018,5.64,0.657,1.301,0.62,0.232,0.171,0.0
Turkmenistan,2018,5.636,1.016,1.533,0.517,0.417,0.199,0.037
Hungary,2018,5.62,1.171,1.401,0.732,0.259,0.061,0.022
Libya,2018,5.566,0.985,1.35,0.553,0.496,0.116,0.148
Philippines,2018,5.524,0.775,1.312,0.513,0.643,0.12,0.105
Honduras,2018,5.504,0.62,1.205,0.622,0.459,0.197,0.074
Belarus,2018,5.483,1.039,1.498,0.7,0.307,0.101,0.154
Turkey,2018,5.483,1.148,1.38,0.686,0.324,0.106,0.109
Pakistan,2018,5.472,0.652,0.81,0.424,0.334,0.216,0.113
Portugal,2018,5.41,1.188,1.429,0.884,0.562,0.055,0.017
Serbia,2018,5.398,0.975,1.369,0.685,0.288,0.134,0.043
Greece,2018,5.358,1.154,1.202,0.879,0.131,0.0,0.044
Lebanon,2018,5.358,0.965,1.179,0.785,0.503,0.214,0.136
Montenegro,2018,5.347,1.017,1.279,0.729,0.259,0.111,0.081
Croatia,2018,5.321,1.115,1.161,0.737,0.38,0.12,0.039
Dominican Republic,2018,5.302,0.982,1.441,0.614,0.578,0.12,0.106
Algeria,2018,5.295,0.979,1.154,0.687,0.077,0.055,0.135
Morocco,2018,5.254,0.779,0.797,0.669,0.46,0.026,0.074
China,2018,5.246,0.989,1.142,0.799,0.597,0.029,0.103
Azerbaijan,2018,5.201,1.024,1.161,0.603,0.43,0.031,0.176
Tajikistan,2018,5.199,0.474,1.166,0.598,0.292,0.187,0.034
Jordan,2018,5.161,0.822,1.265,0.645,0.468,0.13,0.134
Nigeria,2018,5.155,0.689,1.172,0.048,0.462,0.201,0.032
Kyrgyzstan,2018,5.131,0.53,1.416,0.594,0.54,0.281,0.035
Bosnia and Herzegovina,2018,5.129,0.915,1.078,0.758,0.28,0.216,0.0
Mongolia,2018,5.125,0.914,1.517,0.575,0.395,0.253,0.032
Vietnam,2018,5.103,0.715,1.365,0.702,0.618,0.177,0.079
Indonesia,2018,5.093,0.899,1.215,0.522,0.538,0.484,0.018
Bhutan,2018,5.082,0.796,1.335,0.527,0.541,0.364,0.171
Somalia,2018,4.982,0.0,0.712,0.115,0.674,0.238,0.282
Cameroon,2018,4.975,0.535,0.891,0.182,0.454,0.183,0.043
Bulgaria,2018,4.933,1.054,1.515,0.712,0.359,0.064,0.009
Nepal,2018,4.88,0.425,1.228,0.539,0.526,0.302,0.078
Venezuela,2018,4.806,0.996,1.469,0.657,0.133,0.056,0.052
Gabon,2018,4.758,1.036,1.164,0.404,0.356,0.032,0.052
Palestinian Territories,2018,4.743,0.642,1.217,0.602,0.266,0.086,0.076
South Africa,2018,4.724,0.94,1.41,0.33,0.516,0.103,0.056
Iran,2018,4.707,1.059,0.771,0.691,0.459,0.282,0.129
Ivory Coast,2018,4.671,0.541,0.872,0.08,0.467,0.146,0.103
Ghana,2018,4.657,0.592,0.896,0.337,0.499,0.212,0.029
Senegal,2018,4.631,0.429,1.117,0.433,0.406,0.138,0.082
Tunisia,2018,4.592,0.9,0.906,0.69,0.271,0.04,0.063
Albania,2018,4.586,0.916,0.817,0.79,0.419,0.149,0.032
Sierra Leone,2018,4.571,0.256,0.813,0.0,0.355,0.238,0.053
Congo (Brazzaville),2018,4.559,0.682,0.811,0.343,0.514,0.091,0.077
Bangladesh,2018,4.5,0.532,0.85,0.579,0.58,0.153,0.144
Sri Lanka,2018,4.471,0.918,1.314,0.672,0.585,0.307,0.05
Iraq,2018,4.456,1.01,0.971,0.536,0.304,0.148,0.095
Mali,2018,4.447,0.37,1.233,0.152,0.367,0.139,0.056
Namibia,2018,4.441,0.874,1.281,0.365,0.519,0.051,0.064
Cambodia,2018,4.433,0.549,1.088,0.457,0.696,0.256,0.065
Burkina Faso,2018,4.424,0.314,1.097,0.254,0.312,0.175,0.128
Egypt,2018,4.419,0.885,1.025,0.553,0.312,0.092,0.107
Mozambique,2018,4.417,0.198,0.902,0.173,0.531,0.206,0.158
Kenya,2018,4.41,0.493,1.048,0.454,0.504,0.352,0.055
Zambia,2018,4.377,0.562,1.047,0.295,0.503,0.221,0.082
Mauritania,2018,4.356,0.557,1.245,0.292,0.129,0.134,0.093
Ethiopia,2018,4.35,0.308,0.95,0.391,0.452,0.22,0.146
Georgia,2018,4.34,0.853,0.592,0.643,0.375,0.038,0.215
Armenia,2018,4.321,0.816,0.99,0.666,0.26,0.077,0.028
Myanmar,2018,4.308,0.682,1.174,0.429,0.58,0.598,0.178
Chad,2018,4.301,0.358,0.907,0.053,0.189,0.181,0.06
Congo (Kinshasa),2018,4.245,0.069,1.136,0.204,0.312,0.197,0.052
India,2018,4.19,0.721,0.747,0.485,0.539,0.172,0.093
Niger,2018,4.166,0.131,0.867,0.221,0.39,0.175,0.099
Uganda,2018,4.161,0.322,1.09,0.237,0.45,0.259,0.061
Benin,2018,4.141,0.378,0.372,0.24,0.44,0.163,0.067
Ukraine,2018,4.103,0.793,1.413,0.609,0.163,0.187,0.011
Togo,2018,3.999,0.259,0.474,0.253,0.434,0.158,0.101
Guinea,2018,3.964,0.344,0.792,0.211,0.394,0.185,0.094
Lesotho,2018,3.808,0.472,1.215,0.079,0.423,0.116,0.112
Madagascar,2018,3.774,0.262,0.908,0.402,0.221,0.155,0.049
Zimbabwe,2018,3.692,0.357,1.094,0.248,0.406,0.132,0.099
Afghanistan,2018,3.632,0.332,0.537,0.255,0.085,0.191,0.036
Botswana,2018,3.59,1.017,1.174,0.417,0.557,0.042,0.092
Malawi,2018,3.587,0.186,0.541,0.306,0.531,0.21,0.08
Haiti,2018,3.582,0.315,0.714,0.289,0.025,0.392,0.104
Liberia,2018,3.495,0.076,0.858,0.267,0.419,0.206,0.03
Syria,2018,3.462,0.689,0.382,0.539,0.088,0.376,0.144
Rwanda,2018,3.408,0.332,0.896,0.4,0.636,0.2,0.444
Yemen,2018,3.355,0.442,1.073,0.343,0.244,0.083,0.064
Tanzania,2018,3.303,0.455,0.991,0.381,0.481,0.27,0.097
South Sudan,2018,3.254,0.337,0.608,0.177,0.112,0.224,0.106
Central African Republic,2018,3.083,0.024,0.0,0.01,0.305,0.218,0.038
Burundi,2018,2.905,0.091,0.627,0.145,0.065,0.149,0.076
Finland,2019,7.769,1.34,1.587,0.986,0.596,0.153,0.393
Denmark,2019,7.6,1.383,1.573,0.996,0.592,0.252,0.41
Norway,2019,7.554,1.488,1.582,1.028,0.603,0.271,0.341
Iceland,2019,7.494,1.38,1.624,1.026,0.591,0.354,0.118
Netherlands,2019,7.488,1.396,1.522,0.999,0.557,0.322,0.298
Switzerland,2019,7.48,1.452,1.526,1.052,0.572,0.263,0.343
Sweden,2019,7.343,1.387,1.487,1.009,0.574,0.267,0.373
New Zealand,2019,7.307,1.303,1.557,1.026,0.585,0.33,0.38
Canada,2019,7.278,1.365,1.505,1.039,0.584,0.285,0.308
Austria,2019,7.246,1.376,1.475,1.016,0.532,0.244,0.226
Australia,2019,7.228,1.372,1.548,1.036,0.557,0.332,0.29
Costa Rica,2019,7.167,1.034,1.441,0.963,0.558,0.144,0.093
Israel,2019,7.139,1.276,1.455,1.029,0.371,0.261,0.082
Luxembourg,2019,7.09,1.609,1.479,1.012,0.526,0.194,0.316
United Kingdom,2019,7.054,1.333,1.538,0.996,0.45,0.348,0.278
Ireland,2019,7.021,1.499,1.553,0.999,0.516,0.298,0.31
Germany,2019,6.985,1.373,1.454,0.987,0.495,0.261,0.265
Belgium,2019,6.923,1.356,1.504,0.986,0.473,0.16,0.21
United States,2019,6.892,1.433,1.457,0.874,0.454,0.28,0.128
Czech Republic,2019,6.852,1.269,1.487,0.92,0.457,0.046,0.036
United Arab Emirates,2019,6.825,1.503,1.31,0.825,0.598,0.262,0.182
Malta,2019,6.726,1.3,1.52,0.999,0.564,0.375,0.151
Mexico,2019,6.595,1.07,1.323,0.861,0.433,0.074,0.073
France,2019,6.592,1.324,1.472,1.045,0.436,0.111,0.183
Chile,2019,6.444,1.159,1.369,0.92,0.357,0.187,0.056
Guatemala,2019,6.436,0.8,1.269,0.746,0.535,0.175,0.078
Saudi Arabia,2019,6.375,1.403,1.357,0.795,0.439,0.08,0.132
Qatar,2019,6.374,1.684,1.313,0.871,0.555,0.22,0.167
Spain,2019,6.354,1.286,1.484,1.062,0.362,0.153,0.079
Panama,2019,6.321,1.149,1.442,0.91,0.516,0.109,0.054
Brazil,2019,6.3,1.004,1.439,0.802,0.39,0.099,0.086
Uruguay,2019,6.293,1.124,1.465,0.891,0.523,0.127,0.15
Singapore,2019,6.262,1.572,1.463,1.141,0.556,0.271,0.453
El Salvador,2019,6.253,0.794,1.242,0.789,0.43,0.093,0.074
Italy,2019,6.223,1.294,1.488,1.039,0.231,0.158,0.03
Bahrain,2019,6.199,1.362,1.368,0.871,0.536,0.255,0.11
Slovakia,2019,6.198,1.246,1.504,0.881,0.334,0.121,0.014
Poland,2019,6.182,1.206,1.438,0.884,0.483,0.117,0.05
Uzbekistan,2019,6.174,0.745,1.529,0.756,0.631,0.322,0.24
Lithuania,2019,6.149,1.238,1.515,0.818,0.291,0.043,0.042
Colombia,2019,6.125,0.985,1.41,0.841,0.47,0.099,0.034
Slovenia,2019,6.118,1.258,1.523,0.953,0.564,0.144,0.057
Nicaragua,2019,6.105,0.694,1.325,0.835,0.435,0.2,0.127
Kosovo,2019,6.1,0.882,1.232,0.758,0.489,0.262,0.006
Argentina,2019,6.086,1.092,1.432,0.881,0.471,0.066,0.05
Romania,2019,6.07,1.162,1.232,0.825,0.462,0.083,0.005
Cyprus,2019,6.046,1.263,1.223,1.042,0.406,0.19,0.041
Ecuador,2019,6.028,0.912,1.312,0.868,0.498,0.126,0.087
Kuwait,2019,6.021,1.5,1.319,0.808,0.493,0.142,0.097
Thailand,2019,6.008,1.05,1.409,0.828,0.557,0.359,0.028
Latvia,2019,5.94,1.187,1.465,0.812,0.264,0.075,0.064
South Korea,2019,5.895,1.301,1.219,1.036,0.159,0.175,0.056
Estonia,2019,5.893,1.237,1.528,0.874,0.495,0.103,0.161
Jamaica,2019,5.89,0.831,1.478,0.831,0.49,0.107,0.028
Mauritius,2019,5.888,1.12,1.402,0.798,0.498,0.215,0.06
Japan,2019,5.886,1.327,1.419,1.088,0.445,0.069,0.14
Honduras,2019,5.86,0.642,1.236,0.828,0.507,0.246,0.078
Kazakhstan,2019,5.809,1.173,1.508,0.729,0.41,0.146,0.096
Bolivia,2019,5.779,0.776,1.209,0.706,0.511,0.137,0.064
Hungary,2019,5.758,1.201,1.41,0.828,0.199,0.081,0.02
Paraguay,2019,5.743,0.855,1.475,0.777,0.514,0.184,0.08
Peru,2019,5.697,0.96,1.274,0.854,0.455,0.083,0.027
Portugal,2019,5.693,1.221,1.431,0.999,0.508,0.047,0.025
Pakistan,2019,5.653,0.677,0.886,0.535,0.313,0.22,0.098
Russia,2019,5.648,1.183,1.452,0.726,0.334,0.082,0.031
Philippines,2019,5.631,0.807,1.293,0.657,0.558,0.117,0.107
Serbia,2019,5.603,1.004,1.383,0.854,0.282,0.137,0.039
Moldova,2019,5.529,0.685,1.328,0.739,0.245,0.181,0.0
Libya,2019,5.525,1.044,1.303,0.673,0.416,0.133,0.152
Montenegro,2019,5.523,1.051,1.361,0.871,0.197,0.142,0.08
Tajikistan,2019,5.467,0.493,1.098,0.718,0.389,0.23,0.144
Croatia,2019,5.432,1.155,1.266,0.914,0.296,0.119,0.022
Dominican Republic,2019,5.425,1.015,1.401,0.779,0.497,0.113,0.101
Bosnia and Herzegovina,2019,5.386,0.945,1.212,0.845,0.212,0.263,0.006
Turkey,2019,5.373,1.183,1.36,0.808,0.195,0.083,0.106
Malaysia,2019,5.339,1.221,1.171,0.828,0.508,0.26,0.024
Belarus,2019,5.323,1.067,1.465,0.789,0.235,0.094,0.142
Greece,2019,5.287,1.181,1.156,0.999,0.067,0.0,0.034
Mongolia,2019,5.285,0.948,1.531,0.667,0.317,0.235,0.038
Nigeria,2019,5.265,0.696,1.111,0.245,0.426,0.215,0.041
Kyrgyzstan,2019,5.261,0.551,1.438,0.723,0.508,0.3,0.023
Turkmenistan,2019,5.247,1.052,1.538,0.657,0.394,0.244,0.028
Algeria,2019,5.211,1.002,1.16,0.785,0.086,0.073,0.114
Morocco,2019,5.208,0.801,0.782,0.782,0.418,0.036,0.076
Azerbaijan,2019,5.208,1.043,1.147,0.769,0.351,0.035,0.182
Lebanon,2019,5.197,0.987,1.224,0.815,0.216,0.166,0.027
Indonesia,2019,5.192,0.931,1.203,0.66,0.491,0.498,0.028
China,2019,5.191,1.029,1.125,0.893,0.521,0.058,0.1
Vietnam,2019,5.175,0.741,1.346,0.851,0.543,0.147,0.073
Bhutan,2019,5.082,0.813,1.321,0.604,0.457,0.37,0.167
Cameroon,2019,5.044,0.549,0.91,0.331,0.381,0.187,0.037
Bulgaria,2019,5.011,1.092,1.513,0.815,0.311,0.081,0.004
Ghana,2019,4.996,0.611,0.868,0.486,0.381,0.245,0.04
Ivory Coast,2019,4.944,0.569,0.808,0.232,0.352,0.154,0.09
Nepal,2019,4.913,0.446,1.226,0.677,0.439,0.285,0.089
Jordan,2019,4.906,0.837,1.225,0.815,0.383,0.11,0.13
Benin,2019,4.883,0.393,0.437,0.397,0.349,0.175,0.082
Congo (Brazzaville),2019,4.812,0.673,0.799,0.508,0.372,0.105,0.093
Gabon,2019,4.799,1.057,1.183,0.571,0.295,0.043,0.055
South Africa,2019,4.722,0.96,1.351,0.469,0.389,0.13,0.055
Albania,2019,4.719,0.947,0.848,0.874,0.383,0.178,0.027
Venezuela,2019,4.707,0.96,1.427,0.805,0.154,0.064,0.047
Cambodia,2019,4.7,0.574,1.122,0.637,0.609,0.232,0.062
Palestinian Territories,2019,4.696,0.657,1.247,0.672,0.225,0.103,0.066
Senegal,2019,4.681,0.45,1.134,0.571,0.292,0.153,0.072
Somalia,2019,4.668,0.0,0.698,0.268,0.559,0.243,0.27
Namibia,2019,4.639,0.879,1.313,0.477,0.401,0.07,0.056
Niger,2019,4.628,0.138,0.774,0.366,0.318,0.188,0.102
Burkina Faso,2019,4.587,0.331,1.056,0.38,0.255,0.177,0.113
Armenia,2019,4.559,0.85,1.055,0.815,0.283,0.095,0.064
Iran,2019,4.548,1.1,0.842,0.785,0.305,0.27,0.125
Guinea,2019,4.534,0.38,0.829,0.375,0.332,0.207,0.086
Georgia,2019,4.519,0.886,0.666,0.752,0.346,0.043,0.164
Kenya,2019,4.509,0.512,0.983,0.581,0.431,0.372,0.053
Mauritania,2019,4.49,0.57,1.167,0.489,0.066,0.106,0.088
Mozambique,2019,4.466,0.204,0.986,0.39,0.494,0.197,0.138
Tunisia,2019,4.461,0.921,1.0,0.815,0.167,0.059,0.055
Bangladesh,2019,4.456,0.562,0.928,0.723,0.527,0.166,0.143
Iraq,2019,4.437,1.043,0.98,0.574,0.241,0.148,0.089
Congo (Kinshasa),2019,4.418,0.094,1.125,0.357,0.269,0.212,0.053
Mali,2019,4.39,0.385,1.105,0.308,0.327,0.153,0.052
Sierra Leone,2019,4.374,0.268,0.841,0.242,0.309,0.252,0.045
Sri Lanka,2019,4.366,0.949,1.265,0.831,0.47,0.244,0.047
Myanmar,2019,4.36,0.71,1.181,0.555,0.525,0.566,0.172
Chad,2019,4.35,0.35,0.766,0.192,0.174,0.198,0.078
Ukraine,2019,4.332,0.82,1.39,0.739,0.178,0.187,0.01
Ethiopia,2019,4.286,0.336,1.033,0.532,0.344,0.209,0.1
Uganda,2019,4.189,0.332,1.069,0.443,0.356,0.252,0.06
Egypt,2019,4.166,0.913,1.039,0.644,0.241,0.076,0.067
Zambia,2019,4.107,0.578,1.058,0.426,0.431,0.247,0.087
Togo,2019,4.085,0.275,0.572,0.41,0.293,0.177,0.085
India,2019,4.015,0.755,0.765,0.588,0.498,0.2,0.085
Liberia,2019,3.975,0.073,0.922,0.443,0.37,0.233,0.033
Madagascar,2019,3.933,0.274,0.916,0.555,0.148,0.169,0.041
Lesotho,2019,3.802,0.489,1.169,0.168,0.359,0.107,0.093
Burundi,2019,3.775,0.046,0.447,0.38,0.22,0.176,0.18
Zimbabwe,2019,3.663,0.366,1.114,0.433,0.361,0.151,0.089
Haiti,2019,3.597,0.323,0.688,0.449,0.026,0.419,0.11
Botswana,2019,3.488,1.041,1.145,0.538,0.455,0.025,0.1
Syria,2019,3.462,0.619,0.378,0.44,0.013,0.331,0.141
Malawi,2019,3.41,0.191,0.56,0.495,0.443,0.218,0.089
Yemen,2019,3.38,0.287,1.163,0.463,0.143,0.108,0.077
Rwanda,2019,3.334,0.359,0.711,0.614,0.555,0.217,0.411
Tanzania,2019,3.231,0.476,0.885,0.499,0.417,0.276,0.147
Afghanistan,2019,3.203,0.35,0.517,0.361,0.0,0.158,0.025
Central African Republic,2019,3.083,0.026,0.0,0.105,0.225,0.235,0.035
South Sudan,2019,2.853,0.306,0.575,0.295,0.01,0.202,0.091
