Rank,Player,Age,Tm,First,Pts Won,Pts Max,Share,G,MP,PTS,TRB,AST,STL,BLK,FG%,3P%,FT%,WS,WS/48,year,Era,True_Shooting,Points_Per_Minute,Total_Stats,All_Around_Score,Defensive_Stats
1.0,Allen Iverson,25,PHI,93.0,1121.0,1240,0.904,71,42.0,31.1,3.8,4.6,2.5,0.3,0.42,0.32,0.814,11.8,0.19,2001,Early 2000s (2001-2010),19.98303690757685,0.7404761904761905,39.5,42.3,2.8
2.0,Tim Duncan,24,SAS,18.0,706.0,1240,0.569,82,38.7,22.2,12.2,3.0,0.9,2.3,0.499,0.259,0.618,13.2,0.2,2001,Early 2000s (2001-2010),14.398381154983655,0.5736434108527131,37.4,40.599999999999994,3.1999999999999997
3.0,Shaquille O'Neal,28,LAL,7.0,578.0,1240,0.466,74,39.5,28.7,12.7,3.7,0.6,2.8,0.572,0.0,0.513,14.9,0.245,2001,Early 2000s (2001-2010),17.98876798876799,0.7265822784810126,45.1,48.5,3.4
4.0,Chris Webber,27,SAC,5.0,521.0,1240,0.42,70,40.5,27.1,11.1,4.2,1.3,1.7,0.481,0.071,0.703,11.0,0.186,2001,Early 2000s (2001-2010),17.144953942706753,0.6691358024691358,42.400000000000006,45.400000000000006,3.0
5.0,Kevin Garnett,24,MIN,1.0,151.0,1240,0.122,81,39.5,22.0,11.4,5.0,1.4,1.8,0.477,0.288,0.764,11.8,0.176,2001,Early 2000s (2001-2010),13.527473068030892,0.5569620253164557,38.4,41.599999999999994,3.2
6.0,Tracy McGrady,21,ORL,0.0,64.0,1240,0.052,77,40.1,26.8,7.5,4.6,1.5,1.5,0.457,0.355,0.733,12.2,0.189,2001,Early 2000s (2001-2010),17.19006568144499,0.6683291770573566,38.9,41.9,3.0
7.0,Karl Malone,37,UTA,0.0,21.0,1240,0.017,81,35.7,23.2,8.3,4.5,1.1,0.8,0.498,0.4,0.793,13.1,0.217,2001,Early 2000s (2001-2010),13.696689179615548,0.649859943977591,36.0,37.9,1.9000000000000001
8.0,Jason Kidd,27,PHO,0.0,18.0,1240,0.015,77,39.8,16.9,6.4,9.8,2.2,0.3,0.411,0.297,0.814,9.6,0.15,2001,Early 2000s (2001-2010),10.986010712985594,0.42462311557788945,33.099999999999994,35.599999999999994,2.5
9.0,Kobe Bryant,22,LAL,0.0,11.0,1240,0.009,68,40.9,28.5,5.9,5.0,1.7,0.6,0.464,0.305,0.853,11.3,0.196,2001,Early 2000s (2001-2010),16.978029833674878,0.6968215158924206,39.4,41.7,2.3
10.0,David Robinson,35,SAS,0.0,8.0,1240,0.006,80,29.6,14.4,8.6,1.5,1.0,2.5,0.486,0.0,0.747,12.1,0.246,2001,Early 2000s (2001-2010),8.837825894829871,0.48648648648648646,24.5,28.0,3.5
0.0,Ray Allen,25,MIL,0.0,7.0,1240,0.006,82,38.2,22.0,5.2,4.6,1.5,0.2,0.48,0.433,0.888,13.7,0.211,2001,Early 2000s (2001-2010),12.633223079750092,0.5759162303664921,31.799999999999997,33.5,1.7
0.0,Vince Carter,24,TOR,0.0,7.0,1240,0.006,75,39.7,27.6,5.5,3.9,1.5,1.1,0.46,0.408,0.765,12.9,0.208,2001,Early 2000s (2001-2010),17.323625407983933,0.6952141057934509,37.0,39.6,2.6
13.0,Paul Pierce,23,BOS,0.0,5.0,1240,0.004,82,38.0,25.3,6.4,3.1,1.7,0.8,0.454,0.383,0.745,10.4,0.16,2001,Early 2000s (2001-2010),16.180608851368635,0.6657894736842106,34.800000000000004,37.300000000000004,2.5
14.0,Jerry Stackhouse,26,DET,0.0,3.0,1240,0.002,80,40.2,29.8,3.9,5.1,1.2,0.7,0.402,0.351,0.822,9.2,0.137,2001,Early 2000s (2001-2010),19.510789859627067,0.7412935323383084,38.800000000000004,40.70000000000001,1.9
0.0,Michael Finley,27,DAL,0.0,1.0,1240,0.001,82,42.0,21.5,5.2,4.4,1.4,0.4,0.458,0.346,0.775,8.5,0.119,2001,Early 2000s (2001-2010),13.454317897371714,0.5119047619047619,31.1,32.9,1.7999999999999998
0.0,Anthony Mason,34,MIA,0.0,1.0,1240,0.001,80,40.7,16.1,9.6,3.1,1.0,0.3,0.482,0.0,0.781,11.6,0.171,2001,Early 2000s (2001-2010),9.75001211181629,0.3955773955773956,28.800000000000004,30.100000000000005,1.3
0.0,John Stockton,38,UTA,0.0,1.0,1240,0.001,82,29.2,11.5,2.8,8.7,1.6,0.3,0.504,0.462,0.817,10.8,0.216,2001,Early 2000s (2001-2010),6.6591003844906655,0.3938356164383562,23.0,24.900000000000002,1.9000000000000001
1.0,Tim Duncan,25,SAS,57.0,954.0,1260,0.757,82,40.6,25.5,12.7,3.7,0.7,2.5,0.508,0.1,0.799,17.8,0.257,2002,Early 2000s (2001-2010),14.833170459304759,0.6280788177339901,41.900000000000006,45.10000000000001,3.2
2.0,Jason Kidd,28,NJN,45.0,897.0,1260,0.712,82,37.3,14.7,7.3,9.9,2.1,0.2,0.391,0.321,0.814,8.9,0.14,2002,Early 2000s (2001-2010),9.810988306903731,0.3941018766756032,31.9,34.2,2.3000000000000003
3.0,Shaquille O'Neal,29,LAL,15.0,696.0,1260,0.552,67,36.1,27.2,10.7,3.0,0.6,2.0,0.579,0.0,0.555,13.2,0.262,2002,Early 2000s (2001-2010),16.52089407191448,0.7534626038781163,40.9,43.5,2.6
4.0,Tracy McGrady,22,ORL,7.0,390.0,1260,0.31,76,38.3,25.6,7.9,5.3,1.6,1.0,0.451,0.364,0.748,11.5,0.189,2002,Early 2000s (2001-2010),16.407732143772755,0.668407310704961,38.8,41.4,2.6
5.0,Kobe Bryant,23,LAL,1.0,98.0,1260,0.078,80,38.3,25.2,5.5,5.5,1.5,0.4,0.469,0.25,0.829,12.7,0.199,2002,Early 2000s (2001-2010),15.112262521588947,0.6579634464751959,36.2,38.1,1.9
6.0,Gary Payton,33,SEA,1.0,54.0,1260,0.043,82,40.3,22.1,4.8,9.0,1.6,0.3,0.467,0.314,0.797,12.6,0.183,2002,Early 2000s (2001-2010),13.513844046570785,0.5483870967741936,35.900000000000006,37.800000000000004,1.9000000000000001
7.0,Chris Webber,28,SAC,0.0,37.0,1260,0.029,54,38.4,24.5,10.1,4.8,1.7,1.4,0.495,0.263,0.749,8.6,0.2,2002,Early 2000s (2001-2010),14.856408266226836,0.6380208333333334,39.4,42.5,3.0999999999999996
8.0,Dirk Nowitzki,23,DAL,0.0,31.0,1260,0.025,76,38.0,23.4,9.9,2.4,1.1,1.0,0.477,0.397,0.853,13.4,0.222,2002,Early 2000s (2001-2010),13.727238595832551,0.6157894736842104,35.699999999999996,37.8,2.1
9.0,Allen Iverson,26,PHI,0.0,29.0,1260,0.023,60,43.7,31.4,4.5,5.5,2.8,0.2,0.398,0.291,0.812,6.9,0.126,2002,Early 2000s (2001-2010),20.78699290329414,0.7185354691075514,41.4,44.4,3.0
10.0,Ben Wallace,27,DET,0.0,24.0,1260,0.019,80,36.5,7.6,13.0,1.4,1.7,3.5,0.531,0.0,0.423,11.6,0.19,2002,Early 2000s (2001-2010),5.298973672467648,0.20821917808219176,22.0,27.2,5.2
11.0,Paul Pierce,24,BOS,0.0,22.0,1260,0.017,82,40.3,26.1,6.9,3.2,1.9,1.0,0.442,0.404,0.809,12.9,0.187,2002,Early 2000s (2001-2010),16.35420321820643,0.6476426799007445,36.2,39.1,2.9
12.0,Kevin Garnett,25,MIN,0.0,17.0,1260,0.013,81,39.2,21.2,12.1,5.2,1.2,1.6,0.47,0.319,0.801,12.8,0.194,2002,Early 2000s (2001-2010),12.888478186858615,0.5408163265306122,38.5,41.300000000000004,2.8
13.0,Michael Jordan,38,WAS,0.0,16.0,1260,0.013,60,34.9,22.9,5.7,5.2,1.4,0.4,0.416,0.189,0.79,3.3,0.075,2002,Early 2000s (2001-2010),14.994761655316918,0.6561604584527221,33.8,35.599999999999994,1.7999999999999998
14.0,Steve Nash,27,DAL,0.0,5.0,1260,0.004,82,34.6,17.9,3.1,7.7,0.6,0.0,0.483,0.455,0.887,9.9,0.167,2002,Early 2000s (2001-2010),10.24871747893001,0.5173410404624277,28.7,29.3,0.6
15.0,Jerry Stackhouse,27,DET,0.0,3.0,1260,0.002,76,35.3,21.4,4.1,5.3,1.0,0.5,0.397,0.287,0.858,5.8,0.104,2002,Early 2000s (2001-2010),13.815008004957907,0.6062322946175638,30.8,32.3,1.5
0.0,Mike Bibby,23,SAC,0.0,1.0,1260,0.001,80,33.2,13.7,2.8,5.0,1.1,0.2,0.453,0.37,0.803,6.3,0.113,2002,Early 2000s (2001-2010),8.49538644706816,0.4126506024096385,21.5,22.8,1.3
0.0,Elton Brand,22,LAC,0.0,1.0,1260,0.001,80,37.8,18.2,11.6,2.4,1.0,2.0,0.527,0.0,0.742,13.6,0.216,2002,Early 2000s (2001-2010),10.662229929230913,0.4814814814814815,32.199999999999996,35.199999999999996,3.0
0.0,Peja Stojaković,24,SAC,0.0,1.0,1260,0.001,71,37.3,21.2,5.3,2.5,1.1,0.2,0.484,0.416,0.876,9.9,0.179,2002,Early 2000s (2001-2010),12.191755612808244,0.5683646112600537,29.0,30.3,1.3
1.0,Tim Duncan,26,SAS,60.0,962.0,1190,0.808,81,39.3,23.3,12.9,3.9,0.7,2.9,0.513,0.273,0.71,16.5,0.248,2003,Early 2000s (2001-2010),14.114368790889266,0.5928753180661578,40.1,43.7,3.5999999999999996
2.0,Kevin Garnett,26,MIN,43.0,871.0,1190,0.732,82,40.5,23.0,13.4,6.0,1.4,1.6,0.502,0.282,0.751,15.6,0.225,2003,Early 2000s (2001-2010),13.814809475758011,0.5679012345679012,42.4,45.4,3.0
3.0,Kobe Bryant,24,LAL,8.0,496.0,1190,0.417,82,41.5,30.0,6.9,5.9,2.2,0.8,0.451,0.383,0.843,14.9,0.21,2003,Early 2000s (2001-2010),18.249951333463112,0.7228915662650602,42.8,45.8,3.0
4.0,Tracy McGrady,23,ORL,4.0,427.0,1190,0.359,75,39.4,32.1,6.5,5.5,1.7,0.8,0.457,0.386,0.793,16.1,0.262,2003,Early 2000s (2001-2010),19.91512805241215,0.8147208121827412,44.1,46.6,2.5
5.0,Shaquille O'Neal,30,LAL,3.0,126.0,1190,0.106,67,37.8,27.5,11.1,3.1,0.6,2.4,0.574,0.0,0.622,13.2,0.25,2003,Early 2000s (2001-2010),16.220743676859193,0.7275132275132276,41.7,44.7,3.0
6.0,Allen Iverson,27,PHI,0.0,83.0,1190,0.07,82,42.5,27.6,4.2,5.5,2.7,0.2,0.414,0.277,0.774,9.2,0.127,2003,Early 2000s (2001-2010),18.28880407124682,0.6494117647058824,37.3,40.2,2.9000000000000004
7.0,Dirk Nowitzki,24,DAL,0.0,43.0,1190,0.036,80,39.0,25.1,9.9,3.0,1.4,1.0,0.463,0.379,0.881,16.1,0.249,2003,Early 2000s (2001-2010),14.753597291451143,0.6435897435897436,38.0,40.4,2.4
8.0,Ben Wallace,28,DET,1.0,33.0,1190,0.028,73,39.4,6.9,15.4,1.6,1.4,3.2,0.481,0.167,0.45,10.6,0.176,2003,Early 2000s (2001-2010),5.08100147275405,0.17512690355329952,23.900000000000002,28.5,4.6
9.0,Jason Kidd,29,NJN,0.0,31.0,1190,0.026,80,37.4,18.7,6.3,8.9,2.2,0.3,0.414,0.341,0.841,11.3,0.182,2003,Early 2000s (2001-2010),11.925411968777103,0.5,33.9,36.4,2.5
10.0,Chris Webber,29,SAC,0.0,19.0,1190,0.016,67,39.1,23.0,10.5,5.4,1.6,1.3,0.461,0.238,0.607,6.9,0.127,2003,Early 2000s (2001-2010),15.794967585979562,0.5882352941176471,38.9,41.8,2.9000000000000004
0.0,Jamal Mashburn,30,NOH,0.0,1.0,1190,0.001,82,40.5,21.6,6.1,5.6,1.0,0.2,0.422,0.389,0.848,9.0,0.13,2003,Early 2000s (2001-2010),13.582855418050105,0.5333333333333333,33.300000000000004,34.50000000000001,1.2
0.0,Steve Nash,28,DAL,0.0,1.0,1190,0.001,82,33.1,17.7,2.9,7.3,1.0,0.1,0.465,0.413,0.909,11.6,0.206,2003,Early 2000s (2001-2010),10.231687014428411,0.5347432024169184,27.9,29.0,1.1
0.0,Paul Pierce,25,BOS,0.0,1.0,1190,0.001,79,39.2,25.9,7.3,4.4,1.8,0.8,0.416,0.302,0.802,10.1,0.157,2003,Early 2000s (2001-2010),16.84268026219956,0.6607142857142856,37.599999999999994,40.19999999999999,2.6
1.0,Kevin Garnett,27,MIN,120.0,1219.0,1230,0.991,82,39.4,24.2,13.9,5.0,1.5,2.2,0.499,0.256,0.791,18.3,0.272,2004,Early 2000s (2001-2010),14.285039667548167,0.6142131979695431,43.1,46.800000000000004,3.7
2.0,Tim Duncan,27,SAS,0.0,716.0,1230,0.582,69,36.6,22.3,12.4,3.1,0.9,2.7,0.501,0.167,0.599,13.1,0.249,2004,Early 2000s (2001-2010),14.583551323637124,0.6092896174863388,37.800000000000004,41.400000000000006,3.6
3.0,Jermaine O'Neal,25,IND,2.0,523.0,1230,0.425,78,35.7,20.1,10.0,2.1,0.8,2.6,0.434,0.111,0.757,9.0,0.155,2004,Early 2000s (2001-2010),13.10163216352923,0.5630252100840336,32.2,35.6,3.4000000000000004
4.0,Peja Stojaković,26,SAC,1.0,281.0,1230,0.228,81,40.3,24.2,6.3,2.1,1.3,0.2,0.48,0.433,0.927,13.5,0.198,2004,Early 2000s (2001-2010),13.627967743388746,0.6004962779156328,32.6,34.1,1.5
5.0,Kobe Bryant,25,LAL,0.0,212.0,1230,0.172,65,37.6,24.0,5.5,5.1,1.7,0.4,0.438,0.327,0.852,10.7,0.21,2004,Early 2000s (2001-2010),14.762326542663123,0.6382978723404255,34.6,36.7,2.1
6.0,Shaquille O'Neal,31,LAL,0.0,178.0,1230,0.145,67,36.8,21.5,11.5,2.9,0.5,2.5,0.584,0.0,0.49,9.9,0.192,2004,Early 2000s (2001-2010),13.444222111055527,0.5842391304347827,35.9,38.9,3.0
7.0,Ben Wallace,29,DET,0.0,24.0,1230,0.02,81,37.7,9.5,12.4,1.7,1.8,3.0,0.421,0.125,0.49,10.2,0.16,2004,Early 2000s (2001-2010),7.461514294690544,0.2519893899204244,23.599999999999998,28.4,4.8
8.0,Jason Kidd,30,NJN,0.0,17.0,1230,0.014,67,36.6,15.5,6.4,9.2,1.8,0.2,0.384,0.321,0.827,7.2,0.141,2004,Early 2000s (2001-2010),10.362625020056694,0.4234972677595628,31.099999999999998,33.1,2.0
9.0,LeBron James,19,CLE,0.0,11.0,1230,0.009,79,39.5,20.9,5.5,5.9,1.6,0.7,0.417,0.29,0.754,5.1,0.078,2004,Early 2000s (2001-2010),13.956407927773919,0.5291139240506328,32.3,34.6,2.3
0.0,Sam Cassell,34,MIN,0.0,4.0,1230,0.003,81,35.0,19.8,3.3,7.3,1.3,0.2,0.488,0.398,0.873,12.1,0.205,2004,Early 2000s (2001-2010),11.351648855662065,0.5657142857142857,30.400000000000002,31.900000000000002,1.5
0.0,Baron Davis,24,NOH,0.0,4.0,1230,0.003,67,40.1,22.9,4.3,7.5,2.4,0.4,0.395,0.321,0.673,7.5,0.133,2004,Early 2000s (2001-2010),16.56731103136937,0.571072319201995,34.7,37.5,2.8
0.0,Dirk Nowitzki,25,DAL,0.0,4.0,1230,0.003,77,37.9,21.8,8.7,2.7,1.2,1.4,0.462,0.341,0.877,11.5,0.19,2004,Early 2000s (2001-2010),12.855592772562156,0.575197889182058,33.2,35.800000000000004,2.5999999999999996
13.0,Andrei Kirilenko,22,UTA,0.0,2.0,1230,0.002,78,37.1,16.5,8.1,3.1,1.9,2.8,0.443,0.338,0.79,11.6,0.192,2004,Early 2000s (2001-2010),10.435112572729572,0.444743935309973,27.700000000000003,32.4,4.699999999999999
0.0,Carmelo Anthony,19,DEN,0.0,1.0,1230,0.001,82,36.5,21.0,6.1,2.8,1.2,0.5,0.426,0.322,0.777,6.1,0.098,2004,Early 2000s (2001-2010),13.674011564306923,0.5753424657534246,29.900000000000002,31.6,1.7
0.0,Yao Ming,23,HOU,0.0,1.0,1230,0.001,82,32.8,17.5,9.0,1.5,0.3,1.9,0.522,0.0,0.809,11.4,0.202,2004,Early 2000s (2001-2010),9.966285479976309,0.5335365853658537,28.0,30.2,2.1999999999999997
0.0,Michael Redd,24,MIL,0.0,1.0,1230,0.001,82,36.8,21.7,5.0,2.3,1.0,0.1,0.44,0.35,0.868,9.7,0.154,2004,Early 2000s (2001-2010),13.200798131204984,0.5896739130434783,29.0,30.1,1.1
1.0,Steve Nash,30,PHO,65.0,1066.0,1270,0.839,75,34.3,15.5,3.3,11.5,1.0,0.1,0.502,0.431,0.887,10.9,0.203,2005,Early 2000s (2001-2010),8.685614381135967,0.45189504373177847,30.3,31.400000000000002,1.1
2.0,Shaquille O'Neal,32,MIA,58.0,1032.0,1270,0.813,73,34.1,22.9,10.4,2.7,0.5,2.3,0.601,0.0,0.461,11.0,0.211,2005,Early 2000s (2001-2010),14.244128184713375,0.6715542521994134,36.0,38.8,2.8
3.0,Dirk Nowitzki,26,DAL,0.0,349.0,1270,0.275,78,38.7,26.1,9.7,3.1,1.2,1.5,0.459,0.399,0.869,15.6,0.248,2005,Early 2000s (2001-2010),15.51060188266616,0.6744186046511628,38.9,41.6,2.7
4.0,Tim Duncan,28,SAS,1.0,328.0,1270,0.258,66,33.4,20.3,11.1,2.7,0.7,2.6,0.496,0.333,0.67,11.2,0.245,2005,Early 2000s (2001-2010),12.83510369246333,0.6077844311377246,34.1,37.400000000000006,3.3
5.0,Allen Iverson,29,PHI,2.0,240.0,1270,0.189,75,42.3,30.7,4.0,7.9,2.4,0.1,0.424,0.308,0.835,9.0,0.136,2005,Early 2000s (2001-2010),19.39600707606773,0.7257683215130024,42.6,45.1,2.5
6.0,LeBron James,20,CLE,0.0,93.0,1270,0.073,80,42.4,27.2,7.4,7.2,2.2,0.7,0.472,0.351,0.75,14.3,0.203,2005,Early 2000s (2001-2010),16.957605985037404,0.6415094339622641,41.800000000000004,44.70000000000001,2.9000000000000004
7.0,Tracy McGrady,25,HOU,0.0,44.0,1270,0.035,78,40.8,25.7,6.2,5.7,1.7,0.7,0.431,0.326,0.774,12.0,0.18,2005,Early 2000s (2001-2010),16.654569962154596,0.6299019607843137,37.6,40.00000000000001,2.4
8.0,Dwyane Wade,23,MIA,0.0,43.0,1270,0.034,77,38.6,24.1,5.2,6.8,1.6,1.1,0.478,0.289,0.762,11.0,0.177,2005,Early 2000s (2001-2010),14.816545347235886,0.6243523316062176,36.1,38.800000000000004,2.7
0.0,Amar'e Stoudemire,22,PHO,1.0,41.0,1270,0.032,80,36.1,26.0,8.9,1.6,1.0,1.6,0.559,0.188,0.733,14.6,0.243,2005,Early 2000s (2001-2010),14.7472547418096,0.7202216066481995,36.5,39.1,2.6
0.0,Ray Allen,29,SEA,0.0,41.0,1270,0.032,78,39.3,23.9,4.4,3.7,1.1,0.1,0.428,0.376,0.883,10.7,0.168,2005,Early 2000s (2001-2010),14.635281438299122,0.6081424936386769,31.999999999999996,33.199999999999996,1.2000000000000002
11.0,Kevin Garnett,28,MIN,0.0,15.0,1270,0.012,82,38.1,22.2,13.5,5.7,1.5,1.4,0.502,0.24,0.811,16.1,0.248,2005,Early 2000s (2001-2010),12.924409668855665,0.5826771653543307,41.400000000000006,44.300000000000004,2.9
12.0,Gilbert Arenas,23,WAS,0.0,4.0,1270,0.003,80,40.9,25.5,4.7,5.1,1.7,0.3,0.431,0.365,0.814,11.5,0.169,2005,Early 2000s (2001-2010),16.156419484008314,0.6234718826405868,35.3,37.3,2.0
13.0,Vince Carter,28,TOT,0.0,3.0,1270,0.002,77,36.7,24.5,5.2,4.2,1.4,0.6,0.452,0.406,0.798,9.4,0.159,2005,Early 2000s (2001-2010),15.253013248331506,0.667574931880109,33.9,35.9,2.0
0.0,P.J. Brown,35,NOH,0.0,1.0,1270,0.001,82,34.4,10.8,9.0,2.2,0.9,0.6,0.446,0.0,0.864,6.9,0.118,2005,Early 2000s (2001-2010),6.5362641619056845,0.3139534883720931,22.0,23.5,1.5
0.0,Marcus Camby,30,DEN,0.0,1.0,1270,0.001,66,30.5,10.3,10.0,2.3,0.9,3.0,0.465,0.0,0.723,5.8,0.138,2005,Early 2000s (2001-2010),6.576259066298907,0.3377049180327869,22.6,26.5,3.9
0.0,Shawn Marion,26,PHO,0.0,1.0,1270,0.001,81,38.8,19.4,11.3,1.9,2.0,1.5,0.476,0.334,0.833,12.5,0.191,2005,Early 2000s (2001-2010),11.513079808194464,0.5,32.6,36.1,3.5
1.0,Steve Nash,31,PHO,57.0,924.0,1250,0.739,79,35.4,18.8,4.2,10.5,0.8,0.2,0.512,0.439,0.921,12.4,0.212,2006,Early 2000s (2001-2010),10.248135711482274,0.5310734463276836,33.5,34.5,1.0
2.0,LeBron James,21,CLE,16.0,688.0,1250,0.55,79,42.5,31.4,7.0,6.6,1.6,0.8,0.48,0.335,0.738,16.3,0.232,2006,Early 2000s (2001-2010),19.509891639327964,0.7388235294117647,45.0,47.4,2.4000000000000004
3.0,Dirk Nowitzki,27,DAL,14.0,544.0,1250,0.435,81,38.1,26.6,9.0,2.8,0.7,1.0,0.48,0.406,0.901,17.7,0.275,2006,Early 2000s (2001-2010),15.175026242526586,0.6981627296587927,38.4,40.1,1.7
4.0,Kobe Bryant,27,LAL,22.0,483.0,1250,0.386,80,41.0,35.4,5.3,4.5,1.8,0.4,0.45,0.347,0.85,15.3,0.224,2006,Early 2000s (2001-2010),21.480582524271842,0.8634146341463415,45.199999999999996,47.39999999999999,2.2
5.0,Chauncey Billups,29,DET,15.0,430.0,1250,0.344,81,36.1,18.5,3.1,8.6,0.9,0.1,0.418,0.433,0.894,15.5,0.254,2006,Early 2000s (2001-2010),11.400611319266417,0.5124653739612188,30.200000000000003,31.200000000000003,1.0
6.0,Dwyane Wade,24,MIA,0.0,87.0,1250,0.07,75,38.6,27.2,5.7,6.7,1.9,0.8,0.495,0.171,0.783,14.4,0.239,2006,Early 2000s (2001-2010),16.199733180865255,0.7046632124352331,39.6,42.3,2.7
7.0,Elton Brand,26,LAC,1.0,50.0,1250,0.04,79,39.2,24.7,10.0,2.6,1.0,2.5,0.527,0.333,0.775,14.8,0.229,2006,Early 2000s (2001-2010),14.228110599078338,0.6301020408163265,37.300000000000004,40.800000000000004,3.5
8.0,Tim Duncan,29,SAS,0.0,33.0,1250,0.026,80,34.8,18.6,11.0,3.2,0.9,2.0,0.484,0.4,0.629,10.8,0.187,2006,Early 2000s (2001-2010),12.224617487775383,0.5344827586206897,32.800000000000004,35.7,2.9
9.0,Tony Parker,23,SAS,0.0,9.0,1250,0.007,80,33.9,18.9,3.3,5.8,1.0,0.1,0.548,0.306,0.707,9.6,0.169,2006,Early 2000s (2001-2010),11.00013968431345,0.5575221238938053,28.0,29.1,1.1
0.0,Allen Iverson,30,PHI,0.0,1.0,1250,0.001,72,43.1,33.0,3.2,7.4,1.9,0.1,0.447,0.323,0.814,10.6,0.165,2006,Early 2000s (2001-2010),20.49282130259824,0.765661252900232,43.6,45.6,2.0
0.0,Shawn Marion,27,PHO,0.0,1.0,1250,0.001,81,40.3,21.8,11.8,1.8,2.0,1.7,0.525,0.331,0.809,14.6,0.214,2006,Early 2000s (2001-2010),12.372865964402472,0.5409429280397023,35.4,39.1,3.7
1.0,Dirk Nowitzki,28,DAL,83.0,1138.0,1290,0.882,78,36.2,24.6,8.9,3.4,0.7,0.8,0.502,0.416,0.904,16.3,0.278,2007,Early 2000s (2001-2010),13.670312083222193,0.6795580110497238,36.9,38.4,1.5
2.0,Steve Nash,32,PHO,44.0,1013.0,1290,0.785,76,35.3,18.6,3.5,11.6,0.8,0.1,0.532,0.455,0.899,12.6,0.225,2007,Early 2000s (2001-2010),10.026305575919617,0.5269121813031162,33.7,34.6,0.9
3.0,Kobe Bryant,28,LAL,2.0,521.0,1290,0.404,77,40.8,31.6,5.7,5.4,1.4,0.5,0.463,0.344,0.868,13.0,0.199,2007,Early 2000s (2001-2010),18.699995265823983,0.7745098039215688,42.7,44.6,1.9
4.0,Tim Duncan,30,SAS,0.0,286.0,1290,0.222,80,34.1,20.0,10.6,3.4,0.8,2.4,0.546,0.111,0.637,13.0,0.23,2007,Early 2000s (2001-2010),12.102435009923996,0.5865102639296187,34.0,37.199999999999996,3.2
5.0,LeBron James,22,CLE,0.0,183.0,1290,0.142,78,40.9,27.3,6.7,6.0,1.6,0.7,0.476,0.319,0.698,13.7,0.206,2007,Early 2000s (2001-2010),17.43027888446215,0.6674816625916871,40.0,42.300000000000004,2.3
6.0,Tracy McGrady,27,HOU,0.0,110.0,1290,0.085,71,35.8,24.6,5.3,6.5,1.3,0.5,0.431,0.331,0.707,8.6,0.163,2007,Early 2000s (2001-2010),16.575032341526523,0.6871508379888269,36.400000000000006,38.2,1.8
7.0,Chris Bosh,22,TOR,0.0,43.0,1290,0.033,69,38.5,22.6,10.7,2.5,0.6,1.3,0.496,0.343,0.785,9.6,0.174,2007,Early 2000s (2001-2010),13.429997623009271,0.5870129870129871,35.8,37.699999999999996,1.9
8.0,Gilbert Arenas,25,WAS,0.0,31.0,1290,0.024,74,39.8,28.4,4.6,6.0,1.9,0.2,0.418,0.351,0.844,10.8,0.177,2007,Early 2000s (2001-2010),17.989257119691903,0.7135678391959799,39.0,41.1,2.1
0.0,Carlos Boozer,25,UTA,0.0,7.0,1290,0.005,74,34.6,20.9,11.7,3.0,0.9,0.3,0.561,0.0,0.685,9.9,0.185,2007,Early 2000s (2001-2010),12.117346938775508,0.6040462427745664,35.599999999999994,36.79999999999999,1.2
0.0,Kevin Garnett,30,MIN,0.0,7.0,1290,0.005,76,39.4,22.4,12.8,4.1,1.2,1.7,0.476,0.214,0.835,10.7,0.171,2007,Early 2000s (2001-2010),13.279582641688405,0.5685279187817259,39.300000000000004,42.20000000000001,2.9
11.0,Chauncey Billups,30,DET,0.0,4.0,1290,0.003,70,36.2,17.0,3.4,7.2,1.2,0.2,0.427,0.345,0.883,11.4,0.216,2007,Early 2000s (2001-2010),10.422797724151462,0.46961325966850825,27.599999999999998,28.999999999999996,1.4
0.0,Shaquille O'Neal,34,MIA,0.0,3.0,1290,0.002,40,28.4,17.3,7.4,2.0,0.2,1.4,0.591,0.0,0.422,2.8,0.119,2007,Early 2000s (2001-2010),11.137147860122575,0.6091549295774649,26.700000000000003,28.3,1.5999999999999999
0.0,Dwyane Wade,25,MIA,0.0,3.0,1290,0.002,51,37.9,27.4,4.7,7.5,2.1,1.2,0.491,0.266,0.807,8.8,0.219,2007,Early 2000s (2001-2010),16.19232223903177,0.7229551451187335,39.6,42.900000000000006,3.3
14.0,Amar'e Stoudemire,24,PHO,0.0,2.0,1290,0.002,82,32.8,20.4,9.6,1.0,1.0,1.3,0.575,0.0,0.781,11.2,0.201,2007,Early 2000s (2001-2010),11.103370199425237,0.6219512195121951,31.0,33.3,2.3
0.0,Carmelo Anthony,22,DEN,0.0,1.0,1290,0.001,65,38.2,28.9,6.0,3.8,1.2,0.4,0.476,0.268,0.808,7.3,0.14,2007,Early 2000s (2001-2010),17.377814123532804,0.7565445026178009,38.699999999999996,40.3,1.6
0.0,Baron Davis,27,GSW,0.0,1.0,1290,0.001,63,35.3,20.1,4.4,8.1,2.1,0.5,0.439,0.304,0.745,6.4,0.139,2007,Early 2000s (2001-2010),13.106416275430362,0.5694050991501417,32.6,35.2,2.6
0.0,Tony Parker,24,SAS,0.0,1.0,1290,0.001,77,32.5,18.6,3.2,5.5,1.1,0.1,0.52,0.395,0.783,9.6,0.185,2007,Early 2000s (2001-2010),10.757414519039468,0.5723076923076924,27.3,28.500000000000004,1.2000000000000002
1.0,Kobe Bryant,29,LAL,82.0,1100.0,1260,0.873,82,38.9,28.3,6.3,5.4,1.8,0.5,0.459,0.361,0.84,13.8,0.208,2008,Early 2000s (2001-2010),17.076997344919143,0.7275064267352186,40.0,42.3,2.3
2.0,Chris Paul,22,NOH,28.0,894.0,1260,0.71,80,37.6,21.1,4.0,11.6,2.7,0.1,0.488,0.369,0.851,17.8,0.284,2008,Early 2000s (2001-2010),12.232735030842726,0.5611702127659575,36.7,39.50000000000001,2.8000000000000003
3.0,Kevin Garnett,31,BOS,15.0,670.0,1260,0.532,71,32.8,18.8,9.2,3.4,1.4,1.3,0.539,0.0,0.801,12.9,0.265,2008,Early 2000s (2001-2010),10.54473660594095,0.5731707317073171,31.4,34.099999999999994,2.7
4.0,LeBron James,23,CLE,1.0,438.0,1260,0.348,75,40.4,30.0,7.9,7.2,1.8,1.1,0.484,0.315,0.712,15.2,0.242,2008,Early 2000s (2001-2010),18.81396748946418,0.7425742574257426,45.1,48.0,2.9000000000000004
5.0,Dwight Howard,22,ORL,0.0,60.0,1260,0.048,82,37.7,20.7,14.2,1.3,0.9,2.1,0.599,0.0,0.59,12.9,0.2,2008,Early 2000s (2001-2010),12.054507337526205,0.5490716180371352,36.199999999999996,39.199999999999996,3.0
6.0,Amar'e Stoudemire,25,PHO,0.0,27.0,1260,0.021,79,33.9,25.2,9.1,1.5,0.8,2.1,0.59,0.161,0.805,14.6,0.262,2008,Early 2000s (2001-2010),13.344630374920568,0.7433628318584071,35.8,38.699999999999996,2.9000000000000004
7.0,Tim Duncan,31,SAS,0.0,25.0,1260,0.02,78,34.0,19.3,11.3,2.8,0.7,1.9,0.497,0.0,0.73,11.1,0.201,2008,Early 2000s (2001-2010),11.7941823515033,0.5676470588235294,33.4,36.0,2.5999999999999996
8.0,Tracy McGrady,28,HOU,0.0,19.0,1260,0.015,66,37.0,21.6,5.1,5.9,1.0,0.5,0.419,0.292,0.684,5.8,0.115,2008,Early 2000s (2001-2010),15.000833379632205,0.5837837837837838,32.6,34.1,1.5
9.0,Steve Nash,33,PHO,0.0,18.0,1260,0.014,81,34.3,16.9,3.5,11.1,0.7,0.1,0.504,0.47,0.906,10.5,0.181,2008,Early 2000s (2001-2010),9.3614286980413,0.49271137026239065,31.5,32.300000000000004,0.7999999999999999
10.0,Manu Ginóbili,30,SAS,0.0,9.0,1260,0.007,74,31.1,19.5,4.8,4.5,1.5,0.4,0.46,0.401,0.86,11.1,0.232,2008,Early 2000s (2001-2010),11.62929389312977,0.6270096463022508,28.8,30.7,1.9
11.0,Dirk Nowitzki,29,DAL,0.0,5.0,1260,0.004,77,36.0,23.6,8.6,3.5,0.7,0.9,0.479,0.359,0.879,12.9,0.223,2008,Early 2000s (2001-2010),13.629643319164666,0.6555555555555556,35.7,37.300000000000004,1.6
12.0,Deron Williams,23,UTA,0.0,4.0,1260,0.003,82,37.3,18.8,3.0,10.5,1.1,0.3,0.507,0.395,0.803,11.3,0.177,2008,Early 2000s (2001-2010),10.92616700762507,0.5040214477211796,32.3,33.699999999999996,1.4000000000000001
13.0,Carmelo Anthony,23,DEN,0.0,3.0,1260,0.002,77,36.4,25.7,7.4,3.4,1.3,0.5,0.492,0.354,0.786,8.2,0.14,2008,Early 2000s (2001-2010),15.33705719469111,0.7060439560439561,36.5,38.3,1.8
0.0,Carlos Boozer,26,UTA,0.0,1.0,1260,0.001,81,34.9,21.1,10.4,2.9,1.2,0.5,0.547,0.0,0.738,10.2,0.173,2008,Early 2000s (2001-2010),12.102509980268893,0.6045845272206304,34.4,36.1,1.7
0.0,Antawn Jamison,31,WAS,0.0,1.0,1260,0.001,79,38.7,21.4,10.2,1.5,1.3,0.4,0.436,0.339,0.76,9.2,0.144,2008,Early 2000s (2001-2010),13.88888888888889,0.5529715762273901,33.099999999999994,34.79999999999999,1.7000000000000002
0.0,Paul Pierce,30,BOS,0.0,1.0,1260,0.001,80,35.9,19.6,5.1,4.5,1.3,0.5,0.464,0.392,0.843,12.4,0.207,2008,Early 2000s (2001-2010),11.737651511522063,0.5459610027855154,29.200000000000003,31.000000000000004,1.8
0.0,Rasheed Wallace,33,DET,0.0,1.0,1260,0.001,77,30.5,12.7,6.6,1.8,1.2,1.7,0.432,0.356,0.767,7.6,0.155,2008,Early 2000s (2001-2010),8.2523262462962,0.4163934426229508,21.099999999999998,23.999999999999996,2.9
1.0,LeBron James,24,CLE,109.0,1172.0,1210,0.969,81,37.7,28.4,7.6,7.2,1.7,1.1,0.489,0.344,0.78,20.3,0.318,2009,Early 2000s (2001-2010),17.06320596010574,0.7533156498673739,43.2,46.00000000000001,2.8
2.0,Kobe Bryant,30,LAL,2.0,698.0,1210,0.577,82,36.1,26.8,5.2,4.9,1.5,0.5,0.467,0.351,0.856,12.7,0.206,2009,Early 2000s (2001-2010),15.883552226067993,0.7423822714681441,36.9,38.9,2.0
3.0,Dwyane Wade,27,MIA,7.0,680.0,1210,0.562,79,38.6,30.2,5.0,7.5,2.2,1.3,0.491,0.317,0.765,14.7,0.232,2009,Early 2000s (2001-2010),18.245529241179312,0.7823834196891192,42.7,46.2,3.5
4.0,Dwight Howard,23,ORL,1.0,328.0,1210,0.271,79,35.7,20.6,13.8,1.4,1.0,2.9,0.572,0.0,0.594,13.8,0.234,2009,Early 2000s (2001-2010),12.359604492656239,0.5770308123249299,35.800000000000004,39.7,3.9
5.0,Chris Paul,23,NOH,2.0,192.0,1210,0.159,78,38.5,22.8,5.5,11.0,2.8,0.1,0.503,0.364,0.868,18.3,0.292,2009,Early 2000s (2001-2010),12.882520453826336,0.5922077922077922,39.3,42.199999999999996,2.9
6.0,Chauncey Billups,32,TOT,0.0,33.0,1210,0.027,79,35.3,17.7,3.0,6.4,1.2,0.2,0.418,0.408,0.913,10.1,0.174,2009,Early 2000s (2001-2010),10.796369492021665,0.5014164305949008,27.1,28.5,1.4
7.0,Paul Pierce,31,BOS,0.0,21.0,1210,0.017,81,37.5,20.5,5.6,3.6,1.0,0.3,0.457,0.391,0.83,10.3,0.164,2009,Early 2000s (2001-2010),12.466553150085137,0.5466666666666666,29.700000000000003,31.000000000000004,1.3
8.0,Tony Parker,26,SAS,0.0,9.0,1210,0.007,72,34.1,22.0,3.1,6.9,0.9,0.1,0.506,0.292,0.782,8.6,0.168,2009,Early 2000s (2001-2010),12.939958592132506,0.6451612903225806,32.0,33.0,1.0
9.0,Brandon Roy,24,POR,0.0,7.0,1210,0.006,78,37.2,22.6,4.7,5.1,1.1,0.3,0.48,0.377,0.824,13.5,0.223,2009,Early 2000s (2001-2010),13.411507785795672,0.6075268817204301,32.4,33.8,1.4000000000000001
10.0,Dirk Nowitzki,30,DAL,0.0,3.0,1210,0.002,81,37.7,25.9,8.4,2.4,0.8,0.8,0.479,0.359,0.89,10.9,0.171,2009,Early 2000s (2001-2010),14.874798989202848,0.6870026525198938,36.699999999999996,38.29999999999999,1.6
11.0,Tim Duncan,32,SAS,0.0,2.0,1210,0.002,75,33.7,19.3,10.7,3.5,0.5,1.7,0.504,0.0,0.692,10.1,0.191,2009,Early 2000s (2001-2010),11.93597862655848,0.5727002967359051,33.5,35.7,2.2
12.0,Yao Ming,28,HOU,0.0,1.0,1210,0.001,77,33.6,19.7,9.9,1.8,0.4,1.9,0.548,1.0,0.866,10.6,0.196,2009,Early 2000s (2001-2010),10.602342202703865,0.5863095238095237,31.400000000000002,33.7,2.3
1.0,LeBron James,25,CLE,116.0,1205.0,1230,0.98,76,39.0,29.7,7.3,8.6,1.6,1.0,0.503,0.333,0.767,18.5,0.299,2010,Early 2000s (2001-2010),17.668475157053113,0.7615384615384615,45.6,48.2,2.6
2.0,Kevin Durant,21,OKC,4.0,609.0,1230,0.495,82,39.5,30.1,7.6,2.8,1.4,1.0,0.476,0.365,0.9,16.1,0.238,2010,Early 2000s (2001-2010),17.259174311926607,0.7620253164556963,40.5,42.9,2.4
3.0,Kobe Bryant,31,LAL,0.0,599.0,1230,0.487,73,38.8,27.0,5.4,5.0,1.5,0.3,0.456,0.329,0.811,9.4,0.16,2010,Early 2000s (2001-2010),16.6084346242803,0.6958762886597939,37.4,39.199999999999996,1.8
4.0,Dwight Howard,24,ORL,3.0,478.0,1230,0.389,82,34.7,18.3,13.2,1.8,0.9,2.8,0.612,0.0,0.592,13.2,0.223,2010,Early 2000s (2001-2010),10.487346414817534,0.5273775216138328,33.3,36.99999999999999,3.6999999999999997
5.0,Dwyane Wade,28,MIA,0.0,119.0,1230,0.097,77,36.3,26.6,4.8,6.5,1.8,1.1,0.476,0.3,0.761,13.0,0.224,2010,Early 2000s (2001-2010),16.40274283459129,0.7327823691460056,37.900000000000006,40.800000000000004,2.9000000000000004
6.0,Carmelo Anthony,25,DEN,0.0,65.0,1230,0.053,69,38.2,28.2,6.6,3.2,1.3,0.4,0.458,0.316,0.83,7.9,0.145,2010,Early 2000s (2001-2010),17.128279883381925,0.7382198952879581,38.0,39.699999999999996,1.7000000000000002
7.0,Dirk Nowitzki,31,DAL,0.0,55.0,1230,0.045,81,37.5,25.0,7.7,2.7,0.9,1.0,0.481,0.421,0.915,12.3,0.194,2010,Early 2000s (2001-2010),14.146672702580354,0.6666666666666666,35.400000000000006,37.300000000000004,1.9
8.0,Steve Nash,35,PHO,0.0,49.0,1230,0.04,81,32.8,16.5,3.3,11.0,0.5,0.1,0.507,0.426,0.938,9.9,0.178,2010,Early 2000s (2001-2010),8.97012134127778,0.5030487804878049,30.8,31.400000000000002,0.6
9.0,Deron Williams,25,UTA,0.0,7.0,1230,0.006,76,36.9,18.7,4.0,10.5,1.3,0.2,0.469,0.371,0.801,10.3,0.177,2010,Early 2000s (2001-2010),11.382450331125828,0.5067750677506775,33.2,34.7,1.5
10.0,Amar'e Stoudemire,27,PHO,0.0,5.0,1230,0.004,82,34.6,23.1,8.9,1.0,0.6,1.0,0.557,0.167,0.771,10.7,0.181,2010,Early 2000s (2001-2010),12.88717307863965,0.6676300578034682,33.0,34.6,1.6
11.0,Manu Ginóbili,32,SAS,0.0,3.0,1230,0.002,75,28.7,16.5,3.8,4.9,1.4,0.3,0.441,0.377,0.87,9.7,0.216,2010,Early 2000s (2001-2010),10.01456664238893,0.5749128919860628,25.200000000000003,26.900000000000002,1.7
0.0,Chauncey Billups,33,DEN,0.0,1.0,1230,0.001,73,34.1,19.5,3.1,5.6,1.1,0.1,0.418,0.386,0.91,9.5,0.182,2010,Early 2000s (2001-2010),11.913489736070382,0.5718475073313782,28.200000000000003,29.400000000000006,1.2000000000000002
0.0,Chris Bosh,25,TOR,0.0,1.0,1230,0.001,70,36.1,24.0,10.8,2.4,0.6,1.0,0.518,0.364,0.797,9.6,0.182,2010,Early 2000s (2001-2010),13.814062715844727,0.6648199445983379,37.199999999999996,38.8,1.6
0.0,Stephen Jackson,31,TOT,0.0,1.0,1230,0.001,81,38.6,20.6,5.0,3.7,1.6,0.5,0.423,0.328,0.779,5.0,0.077,2010,Early 2000s (2001-2010),13.450689511073966,0.533678756476684,29.3,31.400000000000002,2.1
0.0,Joe Johnson,28,ATL,0.0,1.0,1230,0.001,76,38.0,21.3,4.6,4.9,1.1,0.1,0.458,0.369,0.818,8.4,0.14,2010,Early 2000s (2001-2010),13.020833333333334,0.5605263157894737,30.799999999999997,32.0,1.2000000000000002
1.0,LeBron James,25,CLE,116.0,1205.0,1230,0.98,76,39.0,29.7,7.3,8.6,1.6,1.0,0.503,0.333,0.767,18.5,0.299,2010,Early 2000s (2001-2010),17.668475157053113,0.7615384615384615,45.6,48.2,2.6
2.0,Kevin Durant,21,OKC,4.0,609.0,1230,0.495,82,39.5,30.1,7.6,2.8,1.4,1.0,0.476,0.365,0.9,16.1,0.238,2010,Early 2000s (2001-2010),17.259174311926607,0.7620253164556963,40.5,42.9,2.4
3.0,Kobe Bryant,31,LAL,0.0,599.0,1230,0.487,73,38.8,27.0,5.4,5.0,1.5,0.3,0.456,0.329,0.811,9.4,0.16,2010,Early 2000s (2001-2010),16.6084346242803,0.6958762886597939,37.4,39.199999999999996,1.8
4.0,Dwight Howard,24,ORL,3.0,478.0,1230,0.389,82,34.7,18.3,13.2,1.8,0.9,2.8,0.612,0.0,0.592,13.2,0.223,2010,Early 2000s (2001-2010),10.487346414817534,0.5273775216138328,33.3,36.99999999999999,3.6999999999999997
5.0,Dwyane Wade,28,MIA,0.0,119.0,1230,0.097,77,36.3,26.6,4.8,6.5,1.8,1.1,0.476,0.3,0.761,13.0,0.224,2010,Early 2000s (2001-2010),16.40274283459129,0.7327823691460056,37.900000000000006,40.800000000000004,2.9000000000000004
6.0,Carmelo Anthony,25,DEN,0.0,65.0,1230,0.053,69,38.2,28.2,6.6,3.2,1.3,0.4,0.458,0.316,0.83,7.9,0.145,2010,Early 2000s (2001-2010),17.128279883381925,0.7382198952879581,38.0,39.699999999999996,1.7000000000000002
7.0,Dirk Nowitzki,31,DAL,0.0,55.0,1230,0.045,81,37.5,25.0,7.7,2.7,0.9,1.0,0.481,0.421,0.915,12.3,0.194,2010,Early 2000s (2001-2010),14.146672702580354,0.6666666666666666,35.400000000000006,37.300000000000004,1.9
8.0,Steve Nash,35,PHO,0.0,49.0,1230,0.04,81,32.8,16.5,3.3,11.0,0.5,0.1,0.507,0.426,0.938,9.9,0.178,2010,Early 2000s (2001-2010),8.97012134127778,0.5030487804878049,30.8,31.400000000000002,0.6
9.0,Deron Williams,25,UTA,0.0,7.0,1230,0.006,76,36.9,18.7,4.0,10.5,1.3,0.2,0.469,0.371,0.801,10.3,0.177,2010,Early 2000s (2001-2010),11.382450331125828,0.5067750677506775,33.2,34.7,1.5
10.0,Amar'e Stoudemire,27,PHO,0.0,5.0,1230,0.004,82,34.6,23.1,8.9,1.0,0.6,1.0,0.557,0.167,0.771,10.7,0.181,2010,Early 2000s (2001-2010),12.88717307863965,0.6676300578034682,33.0,34.6,1.6
11.0,Manu Ginóbili,32,SAS,0.0,3.0,1230,0.002,75,28.7,16.5,3.8,4.9,1.4,0.3,0.441,0.377,0.87,9.7,0.216,2010,Early 2000s (2001-2010),10.01456664238893,0.5749128919860628,25.200000000000003,26.900000000000002,1.7
0.0,Chauncey Billups,33,DEN,0.0,1.0,1230,0.001,73,34.1,19.5,3.1,5.6,1.1,0.1,0.418,0.386,0.91,9.5,0.182,2010,Early 2000s (2001-2010),11.913489736070382,0.5718475073313782,28.200000000000003,29.400000000000006,1.2000000000000002
0.0,Chris Bosh,25,TOR,0.0,1.0,1230,0.001,70,36.1,24.0,10.8,2.4,0.6,1.0,0.518,0.364,0.797,9.6,0.182,2010,Early 2000s (2001-2010),13.814062715844727,0.6648199445983379,37.199999999999996,38.8,1.6
0.0,Stephen Jackson,31,TOT,0.0,1.0,1230,0.001,81,38.6,20.6,5.0,3.7,1.6,0.5,0.423,0.328,0.779,5.0,0.077,2010,Early 2000s (2001-2010),13.450689511073966,0.533678756476684,29.3,31.400000000000002,2.1
0.0,Joe Johnson,28,ATL,0.0,1.0,1230,0.001,76,38.0,21.3,4.6,4.9,1.1,0.1,0.458,0.369,0.818,8.4,0.14,2010,Early 2000s (2001-2010),13.020833333333334,0.5605263157894737,30.799999999999997,32.0,1.2000000000000002
1.0,Derrick Rose,22,CHI,113.0,1182.0,1210,0.977,81,37.4,25.0,4.1,7.7,1.0,0.6,0.445,0.332,0.858,13.1,0.208,2011,The 2010s (2010-2021),15.197198852307542,0.6684491978609626,36.800000000000004,38.400000000000006,1.6
2.0,Dwight Howard,25,ORL,3.0,643.0,1210,0.531,78,37.6,22.9,14.1,1.4,1.4,2.4,0.593,0.0,0.596,14.4,0.235,2011,The 2010s (2010-2021),13.388054815022683,0.6090425531914893,38.4,42.199999999999996,3.8
3.0,LeBron James,26,MIA,4.0,522.0,1210,0.431,79,38.8,26.7,7.5,7.0,1.6,0.6,0.51,0.33,0.759,15.6,0.244,2011,The 2010s (2010-2021),15.818285226787998,0.6881443298969072,41.2,43.400000000000006,2.2
4.0,Kobe Bryant,32,LAL,1.0,428.0,1210,0.354,82,33.9,25.3,5.1,4.7,1.2,0.1,0.451,0.323,0.828,10.3,0.178,2011,The 2010s (2010-2021),15.51538046411225,0.7463126843657818,35.1,36.400000000000006,1.3
5.0,Kevin Durant,22,OKC,0.0,190.0,1210,0.157,78,38.9,27.7,6.8,2.7,1.1,1.0,0.462,0.35,0.88,12.0,0.189,2011,The 2010s (2010-2021),16.309467734338202,0.712082262210797,37.2,39.300000000000004,2.1
6.0,Dirk Nowitzki,32,DAL,0.0,113.0,1210,0.093,73,34.3,23.0,7.0,2.6,0.5,0.6,0.517,0.393,0.892,11.1,0.213,2011,The 2010s (2010-2021),12.64458811628623,0.6705539358600584,32.6,33.7,1.1
7.0,Dwyane Wade,29,MIA,0.0,24.0,1210,0.02,76,37.1,25.5,6.4,4.6,1.5,1.1,0.5,0.306,0.758,12.8,0.218,2011,The 2010s (2010-2021),15.296573567520875,0.6873315363881402,36.5,39.1,2.6
8.0,Manu Ginóbili,33,SAS,0.0,20.0,1210,0.017,80,30.3,17.4,3.7,4.9,1.5,0.4,0.433,0.349,0.871,9.9,0.195,2011,The 2010s (2010-2021),10.658629814760364,0.5742574257425742,26.0,27.9,1.9
9.0,Amar'e Stoudemire,28,NYK,0.0,9.0,1210,0.007,78,36.8,25.3,8.2,2.6,0.9,1.9,0.502,0.435,0.792,8.0,0.134,2011,The 2010s (2010-2021),14.873953532123037,0.6875000000000001,36.1,38.9,2.8
0.0,Blake Griffin,21,LAC,0.0,5.0,1210,0.004,82,38.0,22.5,12.1,3.8,0.8,0.5,0.506,0.292,0.642,9.8,0.152,2011,The 2010s (2010-2021),14.267958603896103,0.5921052631578947,38.4,39.699999999999996,1.3
0.0,Rajon Rondo,24,BOS,0.0,5.0,1210,0.004,68,37.2,10.6,4.4,11.2,2.3,0.2,0.475,0.233,0.568,6.6,0.126,2011,The 2010s (2010-2021),7.311151575346245,0.28494623655913975,26.2,28.7,2.5
12.0,Tony Parker,28,SAS,0.0,3.0,1210,0.002,78,32.4,17.5,3.1,6.6,1.2,0.0,0.519,0.357,0.769,8.2,0.156,2011,The 2010s (2010-2021),10.205747877204441,0.5401234567901235,27.200000000000003,28.400000000000002,1.2
13.0,Chris Paul,25,NOH,0.0,2.0,1210,0.002,80,36.0,15.9,4.1,9.8,2.4,0.1,0.463,0.388,0.878,13.9,0.232,2011,The 2010s (2010-2021),9.360429520086656,0.44166666666666665,29.8,32.300000000000004,2.5
1.0,LeBron James,27,MIA,85.0,1074.0,1210,0.888,62,37.5,27.1,7.9,6.2,1.9,0.8,0.531,0.362,0.771,14.5,0.298,2012,The 2010s (2010-2021),15.570417356131642,0.7226666666666667,41.2,43.9,2.7
2.0,Kevin Durant,23,OKC,24.0,889.0,1210,0.735,66,38.6,28.0,8.0,3.5,1.3,1.2,0.496,0.387,0.86,12.2,0.23,2012,The 2010s (2010-2021),16.010978956999082,0.7253886010362695,39.5,42.0,2.5
3.0,Chris Paul,26,LAC,6.0,385.0,1210,0.318,60,36.4,19.8,3.6,9.1,2.5,0.1,0.478,0.371,0.861,12.7,0.278,2012,The 2010s (2010-2021),11.554082442463004,0.543956043956044,32.5,35.1,2.6
4.0,Kobe Bryant,33,LAL,2.0,352.0,1210,0.291,58,38.5,27.9,5.4,4.6,1.2,0.3,0.43,0.303,0.845,6.2,0.132,2012,The 2010s (2010-2021),17.39835370416563,0.7246753246753246,37.9,39.4,1.5
5.0,Tony Parker,29,SAS,4.0,331.0,1210,0.274,60,32.1,18.3,2.9,7.7,1.0,0.1,0.48,0.23,0.799,7.1,0.177,2012,The 2010s (2010-2021),11.003415267689643,0.5700934579439252,28.9,30.0,1.1
6.0,Kevin Love,23,MIN,0.0,58.0,1210,0.048,55,39.0,26.0,13.3,2.0,0.9,0.5,0.448,0.372,0.824,10.0,0.223,2012,The 2010s (2010-2021),16.038294512435847,0.6666666666666666,41.3,42.699999999999996,1.4
7.0,Dwight Howard,26,ORL,0.0,13.0,1210,0.011,54,38.3,20.6,14.5,1.9,1.5,2.1,0.573,0.0,0.491,7.7,0.179,2012,The 2010s (2010-2021),13.05383757477441,0.5378590078328982,37.0,40.6,3.6
8.0,Rajon Rondo,25,BOS,0.0,12.0,1210,0.01,53,36.9,11.9,4.8,11.7,1.8,0.1,0.448,0.238,0.597,4.9,0.121,2012,The 2010s (2010-2021),8.372263184555637,0.32249322493224936,28.4,30.3,1.9000000000000001
9.0,Steve Nash,37,PHO,0.0,7.0,1210,0.006,62,31.6,12.5,3.0,10.7,0.6,0.1,0.532,0.39,0.894,5.9,0.144,2012,The 2010s (2010-2021),6.754128123108845,0.39556962025316456,26.2,26.900000000000002,0.7
10.0,Dwyane Wade,30,MIA,0.0,6.0,1210,0.005,49,33.2,22.1,4.8,4.6,1.7,1.3,0.497,0.268,0.791,7.7,0.227,2012,The 2010s (2010-2021),13.076304080280224,0.6656626506024096,31.5,34.5,3.0
11.0,Derrick Rose,23,CHI,0.0,5.0,1210,0.004,39,35.3,21.8,3.4,7.9,0.9,0.7,0.435,0.312,0.812,6.0,0.211,2012,The 2010s (2010-2021),13.757762407229766,0.6175637393767706,33.1,34.7,1.6
0.0,Dirk Nowitzki,33,DAL,0.0,4.0,1210,0.003,62,33.5,21.6,6.7,2.2,0.7,0.5,0.457,0.368,0.896,7.6,0.175,2012,The 2010s (2010-2021),12.687373713641277,0.6447761194029851,30.5,31.7,1.2
0.0,Russell Westbrook,23,OKC,0.0,4.0,1210,0.003,66,35.3,23.6,4.6,5.5,1.7,0.3,0.457,0.316,0.823,7.9,0.163,2012,The 2010s (2010-2021),14.405703682000196,0.6685552407932013,33.7,35.7,2.0
14.0,Tim Duncan,35,SAS,0.0,3.0,1210,0.002,58,28.2,15.4,9.0,2.3,0.7,1.5,0.492,0.0,0.695,5.9,0.174,2012,The 2010s (2010-2021),9.651541739784408,0.5460992907801419,26.7,28.9,2.2
15.0,Joe Johnson,30,ATL,0.0,1.0,1210,0.001,60,35.5,18.8,3.7,3.9,0.8,0.2,0.454,0.388,0.849,6.4,0.145,2012,The 2010s (2010-2021),11.358693025279134,0.5295774647887325,26.4,27.4,1.0
1.0,LeBron James,28,MIA,120.0,1207.0,1210,0.998,76,37.9,26.8,8.0,7.3,1.7,0.9,0.565,0.406,0.753,19.3,0.322,2013,The 2010s (2010-2021),14.950017850767583,0.7071240105540898,42.099999999999994,44.699999999999996,2.6
2.0,Kevin Durant,24,OKC,0.0,765.0,1210,0.632,81,38.5,28.1,7.9,4.6,1.4,1.3,0.51,0.416,0.905,18.9,0.291,2013,The 2010s (2010-2021),15.470160757542391,0.7298701298701299,40.6,43.3,2.7
3.0,Carmelo Anthony,28,NYK,1.0,475.0,1210,0.393,67,37.0,28.7,6.9,2.6,0.8,0.5,0.449,0.379,0.83,9.5,0.184,2013,The 2010s (2010-2021),17.62466224514861,0.7756756756756756,38.2,39.5,1.3
4.0,Chris Paul,27,LAC,0.0,289.0,1210,0.239,70,33.4,16.9,3.7,9.7,2.4,0.1,0.481,0.328,0.885,13.9,0.287,2013,The 2010s (2010-2021),9.708180147058822,0.5059880239520957,30.299999999999997,32.8,2.5
5.0,Kobe Bryant,34,LAL,0.0,184.0,1210,0.152,78,38.6,27.3,5.6,6.0,1.4,0.3,0.463,0.324,0.839,10.9,0.174,2013,The 2010s (2010-2021),16.403095558546433,0.7072538860103627,38.9,40.599999999999994,1.7
6.0,Tony Parker,30,SAS,0.0,86.0,1210,0.071,66,32.9,20.3,3.0,7.6,0.8,0.1,0.522,0.353,0.845,9.3,0.206,2013,The 2010s (2010-2021),11.356008055493401,0.6170212765957447,30.9,31.8,0.9
7.0,Tim Duncan,36,SAS,0.0,65.0,1210,0.054,69,30.1,17.8,9.9,2.7,0.7,2.7,0.502,0.286,0.817,8.3,0.191,2013,The 2010s (2010-2021),10.331058178947858,0.5913621262458472,30.400000000000002,33.800000000000004,3.4000000000000004
8.0,James Harden,23,HOU,0.0,33.0,1210,0.027,78,38.3,25.9,4.9,5.8,1.8,0.5,0.438,0.368,0.851,12.8,0.206,2013,The 2010s (2010-2021),15.939638619467281,0.6762402088772846,36.599999999999994,38.89999999999999,2.3
9.0,Russell Westbrook,24,OKC,0.0,9.0,1210,0.007,82,34.9,23.2,5.2,7.4,1.8,0.3,0.438,0.323,0.8,11.6,0.195,2013,The 2010s (2010-2021),14.683544303797467,0.664756446991404,35.8,37.89999999999999,2.1
10.0,Dwyane Wade,31,MIA,0.0,5.0,1210,0.004,69,34.7,21.2,5.0,5.1,1.9,0.8,0.521,0.258,0.725,9.6,0.192,2013,The 2010s (2010-2021),12.619047619047617,0.6109510086455331,31.299999999999997,33.99999999999999,2.7
11.0,Stephen Curry,24,GSW,0.0,3.0,1210,0.002,78,38.2,22.9,4.0,6.9,1.6,0.2,0.451,0.453,0.9,11.2,0.18,2013,The 2010s (2010-2021),13.518299881936246,0.5994764397905759,33.8,35.6,1.8
0.0,Kevin Garnett,36,BOS,0.0,1.0,1210,0.001,68,29.7,14.8,7.8,2.3,1.1,0.9,0.496,0.125,0.786,5.6,0.133,2013,The 2010s (2010-2021),8.790268934714435,0.4983164983164984,24.900000000000002,26.900000000000002,2.0
0.0,Marc Gasol,28,MEM,0.0,1.0,1210,0.001,80,35.0,14.1,7.8,4.0,1.0,1.7,0.494,0.071,0.848,11.5,0.197,2013,The 2010s (2010-2021),8.130362579573761,0.40285714285714286,25.9,28.599999999999998,2.7
0.0,Ty Lawson,25,DEN,0.0,1.0,1210,0.001,73,34.4,16.7,2.7,6.9,1.5,0.1,0.461,0.366,0.756,7.4,0.141,2013,The 2010s (2010-2021),10.52114308754599,0.48546511627906974,26.299999999999997,27.9,1.6
0.0,David Lee,29,GSW,0.0,1.0,1210,0.001,79,36.8,18.5,11.2,3.5,0.8,0.3,0.519,0.0,0.797,9.1,0.15,2013,The 2010s (2010-2021),10.636096035323337,0.5027173913043479,33.2,34.3,1.1
0.0,Joakim Noah,27,CHI,0.0,1.0,1210,0.001,66,36.8,11.9,11.1,4.0,1.2,2.1,0.481,0.0,0.751,7.3,0.145,2013,The 2010s (2010-2021),7.332643202208421,0.32336956521739135,27.0,30.3,3.3
1.0,Kevin Durant,25,OKC,119.0,1232.0,1250,0.986,81,38.5,32.0,7.4,5.5,1.3,0.7,0.503,0.391,0.873,19.2,0.295,2014,The 2010s (2010-2021),18.035891423933627,0.8311688311688312,44.9,46.9,2.0
2.0,LeBron James,29,MIA,6.0,891.0,1250,0.713,77,37.7,27.1,6.9,6.3,1.6,0.3,0.567,0.379,0.75,15.9,0.264,2014,The 2010s (2010-2021),15.105908584169454,0.7188328912466844,40.3,42.199999999999996,1.9000000000000001
3.0,Blake Griffin,24,LAC,0.0,434.0,1250,0.347,80,35.8,24.1,9.5,3.9,1.2,0.6,0.528,0.273,0.715,12.2,0.205,2014,The 2010s (2010-2021),14.300973178257774,0.6731843575418995,37.5,39.300000000000004,1.7999999999999998
4.0,Joakim Noah,28,CHI,0.0,322.0,1250,0.258,80,35.3,12.6,11.3,5.4,1.2,1.5,0.475,0.0,0.737,11.2,0.19,2014,The 2010s (2010-2021),7.882093884496046,0.3569405099150142,29.299999999999997,31.999999999999996,2.7
5.0,James Harden,24,HOU,0.0,85.0,1250,0.068,73,38.0,25.4,4.7,6.1,1.6,0.4,0.456,0.366,0.866,12.8,0.221,2014,The 2010s (2010-2021),15.172512663671986,0.6684210526315789,36.199999999999996,38.199999999999996,2.0
6.0,Stephen Curry,25,GSW,0.0,66.0,1250,0.053,78,36.5,24.0,4.3,8.5,1.6,0.2,0.471,0.424,0.885,13.4,0.225,2014,The 2010s (2010-2021),13.94700139470014,0.6575342465753424,36.8,38.6,1.8
7.0,Chris Paul,28,LAC,0.0,45.0,1250,0.036,62,35.0,19.1,4.3,10.7,2.5,0.1,0.467,0.368,0.855,12.2,0.27,2014,The 2010s (2010-2021),11.325901328273247,0.5457142857142857,34.1,36.7,2.6
8.0,Al Jefferson,29,CHA,0.0,34.0,1250,0.027,73,35.0,21.8,10.8,2.1,0.9,1.1,0.509,0.2,0.69,7.8,0.146,2014,The 2010s (2010-2021),13.413733694314546,0.6228571428571429,34.7,36.7,2.0
9.0,Paul George,23,IND,0.0,33.0,1250,0.026,80,36.2,21.7,6.8,3.5,1.9,0.3,0.424,0.364,0.864,10.8,0.178,2014,The 2010s (2010-2021),13.49233983286908,0.5994475138121547,32.0,34.199999999999996,2.1999999999999997
10.0,LaMarcus Aldridge,28,POR,0.0,26.0,1250,0.021,69,36.2,23.2,11.1,2.6,0.9,1.0,0.458,0.2,0.822,7.5,0.144,2014,The 2010s (2010-2021),14.151864142104236,0.6408839779005524,36.9,38.8,1.9
11.0,Kevin Love,25,MIN,0.0,25.0,1250,0.02,77,36.3,26.1,12.5,4.4,0.8,0.5,0.457,0.376,0.821,14.3,0.245,2014,The 2010s (2010-2021),15.948865858427844,0.71900826446281,43.0,44.3,1.3
0.0,Tim Duncan,37,SAS,0.0,21.0,1250,0.017,74,29.2,15.1,9.7,3.0,0.6,1.9,0.49,0.0,0.731,7.4,0.164,2014,The 2010s (2010-2021),9.302153664186093,0.5171232876712328,27.799999999999997,30.299999999999997,2.5
0.0,Tony Parker,31,SAS,0.0,21.0,1250,0.017,68,29.4,16.7,2.3,5.7,0.5,0.1,0.499,0.373,0.811,5.9,0.141,2014,The 2010s (2010-2021),9.756496541409609,0.5680272108843537,24.7,25.3,0.6
14.0,Dirk Nowitzki,35,DAL,0.0,7.0,1250,0.006,80,32.9,21.7,6.2,2.7,0.9,0.6,0.497,0.398,0.899,10.9,0.199,2014,The 2010s (2010-2021),12.156045531953033,0.6595744680851063,30.599999999999998,32.099999999999994,1.5
15.0,Carmelo Anthony,29,NYK,0.0,4.0,1250,0.003,77,38.7,27.4,8.1,3.1,1.2,0.7,0.452,0.402,0.848,10.7,0.172,2014,The 2010s (2010-2021),16.603645530347098,0.7080103359173125,38.6,40.50000000000001,1.9
16.0,Goran Dragić,27,PHO,0.0,3.0,1250,0.002,76,35.1,20.3,3.2,5.9,1.4,0.3,0.505,0.408,0.76,10.3,0.186,2014,The 2010s (2010-2021),12.091970455086967,0.5783475783475783,29.4,31.099999999999998,1.7
17.0,Mike Conley,26,MEM,0.0,1.0,1250,0.001,73,33.5,17.2,2.9,6.0,1.5,0.2,0.45,0.361,0.815,8.2,0.161,2014,The 2010s (2010-2021),10.635666584219639,0.5134328358208955,26.099999999999998,27.799999999999997,1.7
1.0,Stephen Curry,26,GSW,100.0,1198.0,1300,0.922,80,32.7,23.8,4.3,7.7,2.0,0.2,0.487,0.443,0.914,15.7,0.288,2015,The 2010s (2010-2021),13.383418057492467,0.72782874617737,35.800000000000004,38.00000000000001,2.2
2.0,James Harden,25,HOU,25.0,936.0,1300,0.72,81,36.8,27.4,5.7,7.0,1.9,0.7,0.44,0.375,0.868,16.4,0.265,2015,The 2010s (2010-2021),16.668288884562973,0.7445652173913043,40.1,42.7,2.5999999999999996
3.0,LeBron James,30,CLE,5.0,552.0,1300,0.425,69,36.1,25.3,6.0,7.4,1.6,0.7,0.488,0.354,0.71,10.4,0.199,2015,The 2010s (2010-2021),15.804597701149426,0.7008310249307479,38.7,41.00000000000001,2.3
4.0,Russell Westbrook,26,OKC,0.0,352.0,1300,0.271,67,34.4,28.1,7.3,8.6,2.1,0.2,0.426,0.299,0.835,10.6,0.222,2015,The 2010s (2010-2021),17.708595916309555,0.8168604651162792,44.0,46.300000000000004,2.3000000000000003
5.0,Anthony Davis,21,NOP,0.0,203.0,1300,0.156,68,36.1,24.4,10.2,2.2,1.5,2.9,0.535,0.083,0.805,14.0,0.274,2015,The 2010s (2010-2021),13.720197930724245,0.6759002770083102,36.8,41.199999999999996,4.4
6.0,Chris Paul,29,LAC,0.0,124.0,1300,0.095,82,34.8,19.1,4.6,10.2,1.9,0.2,0.485,0.398,0.9,16.1,0.27,2015,The 2010s (2010-2021),10.83995459704881,0.5488505747126438,33.900000000000006,36.00000000000001,2.1
7.0,LaMarcus Aldridge,29,POR,0.0,6.0,1300,0.005,71,35.4,23.4,10.2,1.7,0.7,1.0,0.466,0.352,0.845,8.6,0.165,2015,The 2010s (2010-2021),13.96514681308188,0.6610169491525424,35.3,37.0,1.7
0.0,Marc Gasol,30,MEM,0.0,3.0,1300,0.002,81,33.2,17.4,7.8,3.8,0.9,1.6,0.494,0.176,0.795,10.2,0.182,2015,The 2010s (2010-2021),10.310500118511495,0.5240963855421686,29.0,31.5,2.5
0.0,Blake Griffin,25,LAC,0.0,3.0,1300,0.002,67,35.2,21.9,7.6,5.3,0.9,0.5,0.502,0.4,0.728,9.0,0.183,2015,The 2010s (2010-2021),13.315984045140578,0.6221590909090908,34.8,36.199999999999996,1.4
0.0,Tim Duncan,38,SAS,0.0,1.0,1300,0.001,77,28.9,13.9,9.1,3.0,0.8,2.0,0.512,0.286,0.74,9.6,0.207,2015,The 2010s (2010-2021),8.297516714422159,0.48096885813148793,26.0,28.8,2.8
0.0,Kawhi Leonard,23,SAS,0.0,1.0,1300,0.001,64,31.8,16.5,7.2,2.5,2.3,0.8,0.479,0.349,0.802,8.6,0.204,2015,The 2010s (2010-2021),9.917295763812088,0.5188679245283019,26.2,29.3,3.0999999999999996
0.0,Klay Thompson,24,GSW,0.0,1.0,1300,0.001,77,31.9,21.7,3.2,2.9,1.1,0.8,0.463,0.439,0.879,8.8,0.172,2015,The 2010s (2010-2021),12.768311052532479,0.6802507836990596,27.799999999999997,29.7,1.9000000000000001
1.0,Stephen Curry,27,GSW,131.0,1310.0,1310,1.0,79,34.2,30.1,5.4,6.7,2.1,0.2,0.504,0.454,0.908,17.9,0.318,2016,The 2010s (2010-2021),16.657074552859925,0.8801169590643274,42.2,44.50000000000001,2.3000000000000003
2.0,Kawhi Leonard,24,SAS,0.0,634.0,1310,0.484,72,33.1,21.2,6.8,2.6,1.8,1.0,0.506,0.443,0.874,13.7,0.277,2016,The 2010s (2010-2021),11.902623068630973,0.6404833836858006,30.6,33.4,2.8
3.0,LeBron James,31,CLE,0.0,631.0,1310,0.482,76,35.6,25.3,7.4,6.8,1.4,0.6,0.52,0.309,0.731,13.6,0.242,2016,The 2010s (2010-2021),15.030179173993632,0.7106741573033708,39.5,41.5,2.0
4.0,Russell Westbrook,27,OKC,0.0,486.0,1310,0.371,80,34.4,23.5,7.8,10.4,2.0,0.3,0.454,0.296,0.812,14.0,0.245,2016,The 2010s (2010-2021),14.483285672024456,0.6831395348837209,41.7,44.0,2.3
5.0,Kevin Durant,27,OKC,0.0,147.0,1310,0.112,72,35.8,28.2,8.2,5.0,1.0,1.2,0.505,0.387,0.898,14.5,0.27,2016,The 2010s (2010-2021),15.664578056259165,0.7877094972067039,41.4,43.6,2.2
6.0,Chris Paul,30,LAC,0.0,107.0,1310,0.082,74,32.7,19.5,4.2,10.0,2.1,0.2,0.462,0.371,0.896,12.7,0.253,2016,The 2010s (2010-2021),11.386994300663364,0.5963302752293578,33.7,36.00000000000001,2.3000000000000003
7.0,Draymond Green,25,GSW,0.0,50.0,1310,0.038,81,34.7,14.0,9.5,7.4,1.5,1.4,0.49,0.388,0.696,11.1,0.19,2016,The 2010s (2010-2021),8.791319200241134,0.4034582132564841,30.9,33.8,2.9
8.0,Damian Lillard,25,POR,0.0,26.0,1310,0.02,75,35.7,25.1,4.0,6.8,0.9,0.4,0.419,0.375,0.892,9.2,0.165,2016,The 2010s (2010-2021),15.46556908364963,0.7030812324929971,35.9,37.199999999999996,1.3
9.0,James Harden,26,HOU,0.0,9.0,1310,0.007,82,38.1,29.0,6.1,7.5,1.7,0.6,0.439,0.359,0.86,13.3,0.204,2016,The 2010s (2010-2021),17.73917298752141,0.7611548556430446,42.6,44.900000000000006,2.3
10.0,Kyle Lowry,29,TOR,0.0,6.0,1310,0.005,77,37.0,21.2,4.7,6.4,2.1,0.4,0.427,0.388,0.811,11.6,0.196,2016,The 2010s (2010-2021),13.523167993468054,0.572972972972973,32.3,34.8,2.5
1.0,Russell Westbrook,28,OKC,69.0,888.0,1010,0.879,81,34.6,31.6,10.7,10.4,1.6,0.4,0.425,0.343,0.845,13.1,0.224,2017,The 2010s (2010-2021),19.829317269076306,0.9132947976878613,52.699999999999996,54.699999999999996,2.0
2.0,James Harden,27,HOU,22.0,753.0,1010,0.746,81,36.4,29.1,8.1,11.2,1.5,0.5,0.44,0.347,0.847,15.0,0.245,2017,The 2010s (2010-2021),17.903725943790914,0.7994505494505495,48.400000000000006,50.400000000000006,2.0
3.0,Kawhi Leonard,25,SAS,9.0,500.0,1010,0.495,74,33.4,25.5,5.8,3.5,1.8,0.7,0.485,0.38,0.88,13.6,0.264,2017,The 2010s (2010-2021),14.618206833295115,0.7634730538922156,34.8,37.3,2.5
4.0,LeBron James,32,CLE,1.0,333.0,1010,0.33,74,37.8,26.4,8.6,8.7,1.2,0.6,0.548,0.363,0.674,12.9,0.221,2017,The 2010s (2010-2021),15.629440181869846,0.6984126984126984,43.7,45.50000000000001,1.7999999999999998
5.0,Isaiah Thomas,27,BOS,0.0,81.0,1010,0.08,76,33.8,28.9,2.7,5.9,0.9,0.2,0.463,0.379,0.909,12.5,0.234,2017,The 2010s (2010-2021),16.74469268564012,0.8550295857988166,37.5,38.6,1.1
6.0,Stephen Curry,28,GSW,0.0,52.0,1010,0.051,79,33.4,25.3,4.5,6.6,1.8,0.2,0.468,0.411,0.898,12.6,0.229,2017,The 2010s (2010-2021),14.656131244786355,0.7574850299401198,36.4,38.4,2.0
0.0,Giannis Antetokounmpo,22,MIL,0.0,7.0,1010,0.007,80,35.6,22.9,8.8,5.4,1.6,1.9,0.521,0.272,0.77,12.4,0.21,2017,The 2010s (2010-2021),13.317050476855082,0.6432584269662921,37.1,40.6,3.5
0.0,John Wall,26,WAS,0.0,7.0,1010,0.007,78,36.4,23.1,4.2,10.7,2.0,0.6,0.451,0.327,0.801,8.8,0.149,2017,The 2010s (2010-2021),14.375684556407448,0.6346153846153847,38.0,40.6,2.6
0.0,Anthony Davis,23,NOP,0.0,2.0,1010,0.002,75,36.1,28.0,11.8,2.1,1.3,2.2,0.505,0.299,0.802,11.0,0.195,2017,The 2010s (2010-2021),16.319298736420013,0.7756232686980609,41.9,45.4,3.5
0.0,Kevin Durant,28,GSW,0.0,2.0,1010,0.002,62,33.4,25.1,8.3,4.8,1.1,1.6,0.537,0.375,0.875,12.0,0.278,2017,The 2010s (2010-2021),13.6117136659436,0.751497005988024,38.2,40.900000000000006,2.7
11.0,DeMar DeRozan,27,TOR,0.0,1.0,1010,0.001,74,35.4,27.3,5.2,3.9,1.1,0.2,0.467,0.266,0.842,9.0,0.166,2017,The 2010s (2010-2021),16.29889669007021,0.7711864406779662,36.4,37.7,1.3
1.0,James Harden,28,HOU,86.0,965.0,1010,0.955,72,35.4,30.4,5.4,8.8,1.8,0.7,0.449,0.367,0.858,15.4,0.289,2018,The 2010s (2010-2021),18.39035957992547,0.8587570621468926,44.599999999999994,47.099999999999994,2.5
2.0,LeBron James,33,CLE,15.0,738.0,1010,0.731,82,36.9,27.5,8.6,9.1,1.4,0.9,0.542,0.367,0.731,14.0,0.221,2018,The 2010s (2010-2021),15.920985595850123,0.7452574525745258,45.2,47.5,2.3
3.0,Anthony Davis,24,NOP,0.0,445.0,1010,0.441,75,36.4,28.1,11.1,2.3,1.5,2.6,0.534,0.34,0.828,13.7,0.241,2018,The 2010s (2010-2021),15.640306349630421,0.771978021978022,41.5,45.6,4.1
4.0,Damian Lillard,27,POR,0.0,207.0,1010,0.205,73,36.6,26.9,4.5,6.6,1.1,0.4,0.439,0.361,0.916,12.6,0.227,2018,The 2010s (2010-2021),15.973112916251008,0.7349726775956283,38.0,39.5,1.5
5.0,Russell Westbrook,29,OKC,0.0,76.0,1010,0.075,80,36.4,25.4,10.1,10.3,1.8,0.3,0.449,0.298,0.737,10.1,0.166,2018,The 2010s (2010-2021),16.423546451479414,0.6978021978021978,45.8,47.89999999999999,2.1
6.0,Giannis Antetokounmpo,23,MIL,0.0,75.0,1010,0.074,75,36.7,26.9,10.0,4.8,1.5,1.4,0.529,0.307,0.76,11.9,0.207,2018,The 2010s (2010-2021),15.577947648830204,0.7329700272479563,41.699999999999996,44.599999999999994,2.9
7.0,Kevin Durant,29,GSW,0.0,66.0,1010,0.065,68,34.2,26.4,6.8,5.4,0.7,1.8,0.516,0.419,0.889,10.4,0.215,2018,The 2010s (2010-2021),14.550906124608668,0.7719298245614034,38.599999999999994,41.099999999999994,2.5
8.0,DeMar DeRozan,28,TOR,0.0,32.0,1010,0.032,80,33.9,23.0,3.9,5.2,1.1,0.3,0.456,0.31,0.825,9.6,0.17,2018,The 2010s (2010-2021),14.041514041514043,0.6784660766961652,32.1,33.5,1.4000000000000001
9.0,LaMarcus Aldridge,32,SAS,0.0,6.0,1010,0.006,75,33.5,23.1,8.5,2.0,0.6,1.2,0.51,0.293,0.837,10.9,0.209,2018,The 2010s (2010-2021),13.150703648039352,0.6895522388059702,33.6,35.400000000000006,1.7999999999999998
0.0,Jimmy Butler,28,MIN,0.0,5.0,1010,0.005,59,36.7,22.2,5.3,4.9,2.0,0.4,0.474,0.35,0.854,8.9,0.198,2018,The 2010s (2010-2021),13.062511768028621,0.6049046321525885,32.4,34.8,2.4
0.0,Stephen Curry,29,GSW,0.0,5.0,1010,0.005,51,32.0,26.4,5.1,6.1,1.6,0.2,0.495,0.423,0.921,9.1,0.267,2018,The 2010s (2010-2021),14.662756598240469,0.825,37.6,39.400000000000006,1.8
12.0,Joel Embiid,23,PHI,0.0,4.0,1010,0.004,63,30.3,22.9,11.0,3.2,0.6,1.8,0.483,0.308,0.769,6.2,0.155,2018,The 2010s (2010-2021),13.940294146293951,0.7557755775577557,37.1,39.5,2.4
13.0,Victor Oladipo,25,IND,0.0,2.0,1010,0.002,75,34.0,23.1,5.2,4.3,2.4,0.8,0.477,0.371,0.799,8.2,0.155,2018,The 2010s (2010-2021),13.939847446171672,0.6794117647058824,32.6,35.8,3.2
1.0,Giannis Antetokounmpo,24,MIL,78.0,941.0,1010,0.932,72,32.8,27.7,12.5,5.9,1.3,1.5,0.578,0.256,0.729,14.4,0.292,2019,The 2010s (2010-2021),15.410120610619074,0.8445121951219513,46.1,48.9,2.8
2.0,James Harden,29,HOU,23.0,776.0,1010,0.768,78,36.8,36.1,6.6,7.5,2.0,0.7,0.442,0.368,0.879,15.2,0.254,2019,The 2010s (2010-2021),21.779526038901494,0.9809782608695653,50.2,52.900000000000006,2.7
3.0,Paul George,28,OKC,0.0,356.0,1010,0.352,77,36.9,28.0,8.2,4.1,2.2,0.4,0.438,0.386,0.839,11.9,0.201,2019,The 2010s (2010-2021),17.344764358987067,0.7588075880758808,40.300000000000004,42.900000000000006,2.6
4.0,Nikola Jokić,23,DEN,0.0,212.0,1010,0.21,80,31.3,20.1,10.8,7.3,1.4,0.7,0.511,0.307,0.821,11.8,0.226,2019,The 2010s (2010-2021),11.522058149133267,0.6421725239616614,38.2,40.300000000000004,2.0999999999999996
5.0,Stephen Curry,30,GSW,0.0,175.0,1010,0.173,69,33.8,27.3,5.3,5.2,1.3,0.4,0.472,0.437,0.916,9.7,0.199,2019,The 2010s (2010-2021),15.599286889742183,0.8076923076923078,37.800000000000004,39.5,1.7000000000000002
6.0,Damian Lillard,28,POR,0.0,69.0,1010,0.068,80,35.5,25.8,4.6,6.9,1.1,0.4,0.444,0.369,0.912,12.1,0.205,2019,The 2010s (2010-2021),15.26121521862578,0.7267605633802817,37.3,38.8,1.5
7.0,Joel Embiid,24,PHI,0.0,49.0,1010,0.049,64,33.7,27.5,13.6,3.7,0.7,1.9,0.484,0.3,0.804,8.7,0.194,2019,The 2010s (2010-2021),16.41281512605042,0.8160237388724035,44.800000000000004,47.400000000000006,2.5999999999999996
8.0,Kevin Durant,30,GSW,0.0,25.0,1010,0.025,78,34.6,26.0,6.4,5.9,0.7,1.1,0.521,0.353,0.885,11.5,0.204,2019,The 2010s (2010-2021),14.279437609841827,0.7514450867052023,38.3,40.1,1.8
9.0,Kawhi Leonard,27,TOR,0.0,13.0,1010,0.013,60,34.0,26.6,7.3,3.3,1.8,0.4,0.496,0.371,0.854,9.5,0.224,2019,The 2010s (2010-2021),15.256492612645683,0.7823529411764706,37.199999999999996,39.39999999999999,2.2
10.0,Russell Westbrook,30,OKC,0.0,8.0,1010,0.008,73,36.0,22.9,11.1,10.7,1.9,0.5,0.428,0.29,0.656,6.8,0.124,2019,The 2010s (2010-2021),15.977338691672248,0.6361111111111111,44.7,47.1,2.4
0.0,Rudy Gobert,26,UTA,0.0,1.0,1010,0.001,81,31.8,15.9,12.9,2.0,0.8,2.3,0.669,0.0,0.636,14.4,0.268,2019,The 2010s (2010-2021),8.378651827494624,0.5,30.8,33.9,3.0999999999999996
0.0,LeBron James,34,LAL,0.0,1.0,1010,0.001,55,35.2,27.4,8.5,8.3,1.3,0.6,0.51,0.339,0.665,7.2,0.179,2019,The 2010s (2010-2021),17.069524046847743,0.7784090909090908,44.2,46.1,1.9
1.0,Giannis Antetokounmpo,25,MIL,85.0,962.0,1010,0.952,63,30.4,29.5,13.6,5.6,1.0,1.0,0.553,0.304,0.633,11.1,0.279,2020,The 2010s (2010-2021),17.738599191841445,0.9703947368421053,48.7,50.7,2.0
2.0,LeBron James,35,LAL,16.0,753.0,1010,0.746,67,34.6,25.3,7.8,10.2,1.2,0.5,0.493,0.348,0.693,9.8,0.204,2020,The 2010s (2010-2021),15.853719671144978,0.7312138728323699,43.3,45.0,1.7
3.0,James Harden,30,HOU,0.0,367.0,1010,0.363,68,36.5,34.3,6.6,7.5,1.8,0.9,0.444,0.355,0.865,13.1,0.254,2020,The 2010s (2010-2021),20.797962648556876,0.9397260273972602,48.4,51.099999999999994,2.7
4.0,Luka Dončić,20,DAL,0.0,200.0,1010,0.198,61,33.6,28.8,9.4,8.8,1.0,0.2,0.463,0.316,0.758,8.8,0.207,2020,The 2010s (2010-2021),18.078642093105007,0.8571428571428571,47.0,48.2,1.2
5.0,Kawhi Leonard,28,LAC,0.0,168.0,1010,0.166,57,32.4,27.1,7.1,4.9,1.8,0.6,0.47,0.378,0.886,8.7,0.226,2020,The 2010s (2010-2021),15.758745813174546,0.8364197530864198,39.1,41.5,2.4
6.0,Anthony Davis,26,LAL,0.0,82.0,1010,0.081,62,34.4,26.1,9.3,3.2,1.5,2.3,0.503,0.33,0.846,11.1,0.25,2020,The 2010s (2010-2021),14.910196060509119,0.7587209302325583,38.60000000000001,42.400000000000006,3.8
7.0,Chris Paul,34,OKC,0.0,26.0,1010,0.026,70,31.5,17.6,5.0,6.7,1.6,0.2,0.489,0.365,0.907,8.9,0.193,2020,The 2010s (2010-2021),9.909017205657149,0.5587301587301587,29.3,31.1,1.8
8.0,Damian Lillard,29,POR,0.0,23.0,1010,0.023,66,37.5,30.0,4.3,8.0,1.1,0.3,0.463,0.401,0.888,11.6,0.225,2020,The 2010s (2010-2021),17.570163519655157,0.8,42.3,43.699999999999996,1.4000000000000001
9.0,Nikola Jokić,24,DEN,0.0,18.0,1010,0.018,73,32.0,19.9,9.7,7.0,1.2,0.6,0.528,0.314,0.817,9.8,0.202,2020,The 2010s (2010-2021),11.211520259611483,0.621875,36.599999999999994,38.4,1.7999999999999998
10.0,Pascal Siakam,25,TOR,0.0,17.0,1010,0.017,60,35.2,22.9,7.3,3.5,1.0,0.9,0.453,0.359,0.792,5.4,0.123,2020,The 2010s (2010-2021),14.286070769077206,0.6505681818181818,33.7,35.6,1.9
11.0,Jimmy Butler,30,MIA,0.0,9.0,1010,0.009,58,33.8,19.9,6.7,6.0,1.8,0.6,0.455,0.244,0.834,9.0,0.221,2020,The 2010s (2010-2021),12.105211932454132,0.5887573964497042,32.599999999999994,34.99999999999999,2.4
12.0,Jayson Tatum,21,BOS,0.0,1.0,1010,0.001,66,34.3,23.4,7.0,3.0,1.4,0.9,0.45,0.403,0.812,6.9,0.146,2020,The 2010s (2010-2021),14.493112674660587,0.6822157434402333,33.4,35.699999999999996,2.3
1.0,Nikola Jokić,25,DEN,91.0,971.0,1010,0.961,72,34.6,26.4,10.8,8.3,1.3,0.7,0.566,0.388,0.868,15.6,0.301,2021,The 2010s (2010-2021),13.925225757447887,0.7630057803468208,45.5,47.5,2.0
2.0,Joel Embiid,26,PHI,1.0,586.0,1010,0.58,51,31.1,28.5,10.6,2.8,1.0,1.4,0.513,0.377,0.859,8.8,0.266,2021,The 2010s (2010-2021),15.993984017239832,0.9163987138263665,41.9,44.3,2.4
3.0,Stephen Curry,32,GSW,5.0,453.0,1010,0.449,63,34.2,32.0,5.5,5.8,1.2,0.1,0.482,0.421,0.916,9.0,0.201,2021,The 2010s (2010-2021),18.078278947844165,0.935672514619883,43.3,44.6,1.3
4.0,Giannis Antetokounmpo,26,MIL,1.0,348.0,1010,0.345,61,33.0,28.1,11.0,5.9,1.2,1.2,0.569,0.303,0.685,10.2,0.244,2021,The 2010s (2010-2021),16.14200367647059,0.8515151515151516,45.0,47.400000000000006,2.4
5.0,Chris Paul,35,PHO,2.0,139.0,1010,0.138,70,31.4,16.4,4.5,8.9,1.4,0.3,0.499,0.395,0.934,9.2,0.201,2021,The 2010s (2010-2021),9.011385115829265,0.5222929936305732,29.799999999999997,31.499999999999996,1.7
6.0,Luka Dončić,21,DAL,0.0,42.0,1010,0.042,66,34.3,27.7,8.0,8.6,1.0,0.5,0.479,0.35,0.73,7.7,0.163,2021,The 2010s (2010-2021),17.30817295676081,0.8075801749271138,44.300000000000004,45.800000000000004,1.5
7.0,Damian Lillard,30,POR,0.0,38.0,1010,0.038,67,35.8,28.8,4.2,7.5,0.9,0.3,0.451,0.391,0.928,10.4,0.209,2021,The 2010s (2010-2021),16.75743611227482,0.8044692737430168,40.5,41.699999999999996,1.2
8.0,Julius Randle,26,NYK,0.0,20.0,1010,0.02,71,37.6,24.1,10.2,6.0,0.9,0.3,0.456,0.411,0.811,7.8,0.14,2021,The 2010s (2010-2021),14.824565720190936,0.6409574468085106,40.3,41.49999999999999,1.2
9.0,Derrick Rose,32,TOT,1.0,10.0,1010,0.01,50,25.6,14.7,2.6,4.2,1.0,0.4,0.47,0.388,0.866,3.1,0.118,2021,The 2010s (2010-2021),8.63649182177101,0.5742187499999999,21.5,22.9,1.4
10.0,Rudy Gobert,28,UTA,0.0,8.0,1010,0.008,71,30.8,14.3,13.5,1.3,0.6,2.7,0.675,0.0,0.623,11.3,0.248,2021,The 2010s (2010-2021),7.533293998651383,0.4642857142857143,29.1,32.400000000000006,3.3000000000000003
11.0,Russell Westbrook,32,WAS,0.0,5.0,1010,0.005,65,36.4,22.2,11.5,11.7,1.4,0.4,0.439,0.315,0.656,3.7,0.075,2021,The 2010s (2010-2021),15.254796327854432,0.6098901098901099,45.400000000000006,47.2,1.7999999999999998
12.0,Ben Simmons,24,PHI,0.0,3.0,1010,0.003,58,32.4,14.3,7.2,6.9,1.6,0.6,0.557,0.3,0.613,6.0,0.153,2021,The 2010s (2010-2021),8.648635571898586,0.44135802469135804,28.4,30.6,2.2
0.0,James Harden,31,TOT,0.0,1.0,1010,0.001,44,36.6,24.6,7.9,10.8,1.2,0.8,0.466,0.362,0.861,7.0,0.208,2021,The 2010s (2010-2021),14.558969745750675,0.6721311475409836,43.3,45.3,2.0
0.0,LeBron James,36,LAL,0.0,1.0,1010,0.001,45,33.4,25.0,7.7,7.8,1.1,0.6,0.513,0.365,0.698,5.6,0.179,2021,The 2010s (2010-2021),15.241671950446277,0.7485029940119761,40.5,42.2,1.7000000000000002
0.0,Kawhi Leonard,29,LAC,0.0,1.0,1010,0.001,52,34.1,24.8,6.5,5.2,1.6,0.4,0.512,0.398,0.885,8.8,0.238,2021,The 2010s (2010-2021),13.756378966052807,0.7272727272727273,36.5,38.5,2.0
1.0,Nikola Jokić,26,DEN,65.0,875.0,1000,0.875,74,33.5,27.1,13.8,7.9,1.5,0.9,0.583,0.337,0.81,15.2,0.296,2022,Recent Years (2022-2023),14.424100489674261,0.808955223880597,48.800000000000004,51.2,2.4
2.0,Joel Embiid,27,PHI,26.0,706.0,1000,0.706,68,33.8,30.6,11.7,4.2,1.1,1.5,0.499,0.371,0.814,12.0,0.252,2022,Recent Years (2022-2023),17.84964300713986,0.9053254437869823,46.5,49.1,2.6
3.0,Giannis Antetokounmpo,27,MIL,9.0,595.0,1000,0.595,67,32.9,29.9,11.6,5.8,1.1,1.4,0.553,0.293,0.722,12.9,0.281,2022,Recent Years (2022-2023),17.17048743510819,0.9088145896656535,47.3,49.8,2.5
4.0,Devin Booker,25,PHO,0.0,216.0,1000,0.216,68,34.5,26.8,5.0,4.8,1.1,0.4,0.466,0.383,0.868,7.6,0.156,2022,Recent Years (2022-2023),15.803377677139354,0.7768115942028986,36.6,38.1,1.5
5.0,Luka Dončić,22,DAL,0.0,146.0,1000,0.146,65,35.4,28.4,9.1,8.7,1.2,0.6,0.457,0.353,0.744,7.6,0.159,2022,Recent Years (2022-2023),18.10393186801979,0.8022598870056498,46.2,48.00000000000001,1.7999999999999998
6.0,Jayson Tatum,23,BOS,0.0,43.0,1000,0.043,76,35.9,26.9,8.0,4.4,1.0,0.6,0.453,0.353,0.853,9.6,0.169,2022,Recent Years (2022-2023),16.23768591848561,0.7493036211699164,39.3,40.9,1.6
7.0,Ja Morant,22,MEM,0.0,10.0,1000,0.01,57,33.1,27.4,5.7,6.7,1.2,0.4,0.493,0.344,0.761,6.7,0.171,2022,Recent Years (2022-2023),16.54909161190568,0.8277945619335346,39.800000000000004,41.400000000000006,1.6
8.0,Stephen Curry,33,GSW,0.0,4.0,1000,0.004,64,34.5,25.5,5.2,6.3,1.3,0.4,0.437,0.38,0.923,8.0,0.173,2022,Recent Years (2022-2023),15.122402504981496,0.7391304347826086,37.0,38.699999999999996,1.7000000000000002
9.0,Chris Paul,36,PHO,0.0,2.0,1000,0.002,65,32.9,14.7,4.4,10.8,1.9,0.3,0.493,0.317,0.837,9.4,0.21,2022,Recent Years (2022-2023),8.533810143042912,0.44680851063829785,29.900000000000002,32.1,2.1999999999999997
0.0,DeMar DeRozan,32,CHI,0.0,1.0,1000,0.001,76,36.1,27.9,5.2,4.9,0.9,0.3,0.504,0.352,0.877,8.8,0.154,2022,Recent Years (2022-2023),15.676270957881961,0.7728531855955678,38.0,39.199999999999996,1.2
0.0,Kevin Durant,33,BRK,0.0,1.0,1000,0.001,55,37.2,29.9,7.4,6.4,0.9,0.9,0.518,0.383,0.91,8.4,0.198,2022,Recent Years (2022-2023),16.278310104529613,0.803763440860215,43.699999999999996,45.49999999999999,1.8
0.0,LeBron James,37,LAL,0.0,1.0,1000,0.001,56,37.2,30.3,8.2,6.2,1.3,1.1,0.524,0.359,0.756,7.5,0.172,2022,Recent Years (2022-2023),17.685375420246544,0.814516129032258,44.7,47.1,2.4000000000000004
1.0,Joel Embiid,28,PHI,73.0,915.0,1000,0.915,66,34.6,33.1,10.2,4.2,1.0,1.7,0.548,0.33,0.857,12.3,0.259,2023,Recent Years (2022-2023),17.890344618843777,0.9566473988439307,47.5,50.2,2.7
2.0,Nikola Jokić,27,DEN,15.0,674.0,1000,0.674,69,33.7,24.5,11.8,9.8,1.3,0.7,0.632,0.383,0.822,14.9,0.308,2023,Recent Years (2022-2023),12.327912406408501,0.7270029673590503,46.099999999999994,48.099999999999994,2.0
3.0,Giannis Antetokounmpo,28,MIL,12.0,606.0,1000,0.606,63,32.1,31.1,11.8,5.7,0.8,0.8,0.553,0.275,0.645,8.6,0.204,2023,Recent Years (2022-2023),18.582695984703633,0.9688473520249221,48.60000000000001,50.2,1.6
4.0,Jayson Tatum,24,BOS,0.0,280.0,1000,0.28,74,36.9,30.1,8.8,4.6,1.1,0.7,0.466,0.35,0.854,10.5,0.185,2023,Recent Years (2022-2023),17.87920547424444,0.8157181571815719,43.50000000000001,45.30000000000001,1.8
5.0,Shai Gilgeous-Alexander,24,OKC,0.0,46.0,1000,0.046,68,35.5,31.4,4.8,5.5,1.6,1.0,0.51,0.345,0.905,11.4,0.226,2023,Recent Years (2022-2023),17.28694120237833,0.8845070422535211,41.699999999999996,44.3,2.6
6.0,Donovan Mitchell,26,CLE,0.0,30.0,1000,0.03,68,35.8,28.3,4.3,4.4,1.5,0.4,0.484,0.386,0.867,8.9,0.176,2023,Recent Years (2022-2023),16.34930905393539,0.7905027932960895,37.0,38.9,1.9
7.0,Domantas Sabonis,26,SAC,0.0,27.0,1000,0.027,79,34.6,19.1,12.3,7.3,0.8,0.5,0.615,0.373,0.742,12.6,0.221,2023,Recent Years (2022-2023),10.143603687810682,0.5520231213872833,38.7,40.0,1.3
8.0,Luka Dončić,23,DAL,0.0,10.0,1000,0.01,66,36.2,32.4,8.6,8.0,1.4,0.5,0.496,0.342,0.742,10.2,0.204,2023,Recent Years (2022-2023),19.696527575138603,0.8950276243093922,49.0,50.9,1.9
9.0,Stephen Curry,34,GSW,0.0,5.0,1000,0.005,56,34.7,29.4,6.1,6.3,0.9,0.4,0.493,0.427,0.915,7.8,0.192,2023,Recent Years (2022-2023),16.41357748995087,0.8472622478386166,41.8,43.099999999999994,1.3
10.0,Jimmy Butler,33,MIA,0.0,3.0,1000,0.003,64,33.4,22.9,5.9,5.3,1.8,0.3,0.539,0.35,0.85,12.3,0.277,2023,Recent Years (2022-2023),12.541073384446877,0.6856287425149701,34.099999999999994,36.19999999999999,2.1
11.0,De'Aaron Fox,25,SAC,0.0,2.0,1000,0.002,73,33.4,25.0,4.2,6.1,1.1,0.3,0.512,0.324,0.78,7.4,0.146,2023,Recent Years (2022-2023),14.616463985032741,0.7485029940119761,35.3,36.699999999999996,1.4000000000000001
0.0,Jalen Brunson,26,NYK,0.0,1.0,1000,0.001,68,35.0,24.0,3.5,6.2,0.9,0.2,0.491,0.416,0.829,8.7,0.175,2023,Recent Years (2022-2023),14.022623165373469,0.6857142857142857,33.7,34.800000000000004,1.1
0.0,Ja Morant,23,MEM,0.0,1.0,1000,0.001,61,31.9,26.2,5.9,8.1,1.1,0.3,0.466,0.307,0.748,6.0,0.148,2023,Recent Years (2022-2023),16.47550055337559,0.8213166144200628,40.2,41.6,1.4000000000000001
