order_id,customer_id,order_status,order_date,required_date,shipped_date,store_id,staff_id
1,1154,Cancelled,2016-01-06,2016-01-13,2016-01-12,3,7
2,727,Completed,2016-01-06,2016-01-20,2016-01-07,2,9
3,1196,Shipped,2016-01-06,2016-01-18,2016-01-18,2,6
4,770,Processing,2016-01-07,2016-01-17,2016-01-08,3,10
5,614,Completed,2016-01-07,2016-01-19,2016-01-10,2,5
6,1233,Completed,2016-01-07,2016-01-18,2016-01-08,3,7
7,354,Completed,2016-01-08,2016-01-17,2016-01-09,1,6
8,116,Processing,2016-01-09,2016-01-22,2016-01-14,2,5
9,1288,Cancelled,2016-01-11,2016-01-19,2016-01-18,3,2
10,662,Processing,2016-01-11,2016-01-21,2016-01-13,3,8
11,453,Shipped,2016-01-12,2016-01-18,2016-02-01,2,7
12,287,Pending,2016-01-13,2016-01-19,2016-01-14,1,6
13,1327,Processing,2016-01-13,2016-01-19,2016-01-17,2,5
14,1017,Processing,2016-01-13,2016-01-27,2016-01-25,3,5
15,311,Completed,2016-01-14,2016-01-25,2016-01-25,1,9
16,208,Completed,2016-01-15,2016-01-21,2016-01-20,2,1
17,618,Processing,2016-01-15,2016-01-21,2016-01-16,3,9
18,446,Completed,2016-01-16,2016-01-29,2016-01-19,2,6
19,670,Processing,2016-01-16,2016-01-27,2016-01-21,1,4
20,633,Completed,2016-01-17,2016-01-24,2016-01-18,1,10
21,55,Completed,2016-01-19,2016-01-26,2016-01-20,1,7
22,912,Processing,2016-01-20,2016-01-31,2016-01-21,1,9
23,1036,Completed,2016-01-20,2016-01-29,2016-01-27,1,5
24,657,Completed,2016-01-20,2016-02-03,2016-01-21,2,5
25,1424,Completed,2016-01-20,2016-01-30,2016-01-21,1,8
26,980,Shipped,2016-01-21,2016-02-02,,1,7
27,515,Completed,2016-01-22,2016-02-04,2016-02-03,3,8
28,237,Shipped,2016-01-22,2016-01-27,2016-01-24,1,10
29,1303,Completed,2016-01-23,2016-01-30,2016-01-26,3,2
30,348,Cancelled,2016-01-24,2016-02-04,2016-01-29,3,9
31,627,Cancelled,2016-01-25,2016-02-04,2016-01-26,3,3
32,1128,Completed,2016-01-25,2016-02-05,,2,6
33,630,Completed,2016-01-26,2016-02-07,2016-02-06,2,6
34,1272,Completed,2016-01-26,2016-02-05,2016-02-03,3,2
35,364,Pending,2016-01-27,2016-02-03,2016-01-28,2,7
36,321,Completed,2016-01-27,2016-02-02,2016-02-01,1,9
37,286,Completed,2016-01-27,2016-02-07,2016-02-17,2,10
38,149,Completed,2016-01-28,2016-02-02,2016-01-29,1,1
39,1108,Completed,2016-01-28,2016-02-04,2016-01-29,1,8
40,406,Completed,2016-01-28,2016-02-05,2016-02-09,2,2
41,978,Pending,2016-01-29,2016-02-03,2016-02-02,2,1
42,456,Cancelled,2016-01-29,2016-02-07,2016-01-31,3,8
43,800,Completed,2016-01-30,2016-02-13,2016-02-06,2,2
44,1185,Completed,2016-01-30,2016-02-06,2016-02-13,2,6
45,1013,Completed,2016-01-30,2016-02-05,2016-02-09,2,6
46,784,Processing,2016-02-01,2016-02-08,2016-02-02,1,5
47,460,Shipped,2016-02-02,2016-02-14,,1,8
48,738,Shipped,2016-02-02,2016-02-12,2016-02-14,1,3
49,509,Cancelled,2016-02-03,2016-02-14,2016-02-09,3,10
50,481,Completed,2016-02-03,2016-02-13,2016-02-09,3,4
51,114,Processing,2016-02-03,2016-02-13,,3,7
52,749,Processing,2016-02-04,2016-02-11,2016-02-08,1,7
53,361,Completed,2016-02-04,2016-02-16,2016-02-12,2,8
54,341,Cancelled,2016-02-04,2016-02-15,2016-02-09,3,2
55,770,Completed,2016-02-04,2016-02-15,2016-02-08,3,2
56,761,Pending,2016-02-05,2016-02-15,2016-02-06,1,4
57,969,Completed,2016-02-06,2016-02-15,2016-02-07,3,10
58,449,Completed,2016-02-06,2016-02-20,2016-03-13,2,9
59,835,Processing,2016-02-07,2016-02-19,2016-02-08,1,10
60,1204,Completed,2016-02-07,2016-02-16,2016-02-23,1,9
61,1431,Completed,2016-02-09,2016-02-22,2016-02-12,2,4
62,1220,Completed,2016-02-10,2016-02-23,2016-02-11,2,9
63,311,Processing,2016-02-10,2016-02-15,2016-02-26,2,3
64,262,Completed,2016-02-10,2016-02-20,2016-02-11,3,5
65,1443,Completed,2016-02-10,2016-02-21,2016-02-11,2,10
66,406,Shipped,2016-02-10,2016-02-17,2016-02-12,1,9
67,143,Processing,2016-02-10,2016-02-21,,2,6
68,342,Completed,2016-02-13,2016-02-24,2016-03-03,1,3
69,1340,Processing,2016-02-13,2016-02-19,2016-02-15,1,10
70,1125,Processing,2016-02-13,2016-02-24,2016-03-05,3,9
71,244,Shipped,2016-02-13,2016-02-18,2016-02-14,2,6
72,490,Completed,2016-02-13,2016-02-22,,3,4
73,12,Completed,2016-02-14,2016-02-27,,2,4
74,1263,Completed,2016-02-14,2016-02-25,2016-02-18,2,8
75,561,Completed,2016-02-14,2016-02-25,2016-02-17,2,7
76,42,Completed,2016-02-15,2016-02-21,2016-02-17,2,1
77,678,Completed,2016-02-16,2016-02-28,2016-02-22,2,6
78,594,Pending,2016-02-17,2016-02-24,2016-02-19,1,8
79,1182,Completed,2016-02-17,2016-02-29,2016-02-18,1,3
80,1240,Completed,2016-02-19,2016-02-26,2016-02-22,2,9
81,134,Shipped,2016-02-19,2016-03-04,2016-02-22,1,10
82,1091,Completed,2016-02-19,2016-03-01,2016-02-21,3,2
83,1031,Completed,2016-02-19,2016-02-25,2016-02-23,3,6
84,948,Processing,2016-02-20,2016-02-28,2016-02-22,3,1
85,73,Completed,2016-02-20,2016-03-01,2016-02-24,2,2
86,399,Processing,2016-02-20,2016-03-04,2016-02-21,2,5
87,1429,Processing,2016-02-21,2016-03-01,,1,1
88,578,Completed,2016-02-22,2016-03-06,,1,8
89,859,Processing,2016-02-26,2016-03-06,2016-02-27,1,1
90,130,Completed,2016-02-26,2016-03-11,2016-03-03,3,9
91,931,Completed,2016-02-26,2016-03-09,2016-02-29,3,10
92,1230,Completed,2016-02-26,2016-03-02,2016-03-13,3,3
93,266,Completed,2016-02-26,2016-03-08,2016-03-06,3,2
94,793,Shipped,2016-02-29,2016-03-08,2016-03-07,1,1
95,253,Completed,2016-03-02,2016-03-11,2016-03-03,2,9
96,822,Completed,2016-03-02,2016-03-12,,2,4
97,1313,Completed,2016-03-03,2016-03-12,2016-03-06,3,1
98,164,Completed,2016-03-04,2016-03-09,2016-03-05,2,1
99,95,Completed,2016-03-04,2016-03-17,2016-03-10,2,7
100,833,Completed,2016-03-04,2016-03-10,2016-03-10,2,2
101,1134,Processing,2016-03-06,2016-03-19,2016-03-14,3,7
102,336,Completed,2016-03-07,2016-03-21,2016-03-08,1,7
103,822,Completed,2016-03-07,2016-03-13,2016-03-11,1,10
104,238,Completed,2016-03-10,2016-03-23,2016-03-12,2,9
105,381,Completed,2016-03-10,2016-03-20,2016-03-20,1,7
106,899,Shipped,2016-03-11,2016-03-24,2016-03-13,1,1
107,483,Completed,2016-03-12,2016-03-22,2016-03-13,3,8
108,902,Completed,2016-03-12,2016-03-22,2016-03-14,3,8
109,1049,Completed,2016-03-12,2016-03-18,2016-03-15,2,4
110,1141,Processing,2016-03-13,2016-03-25,2016-03-17,2,8
111,482,Pending,2016-03-14,2016-03-21,2016-03-22,2,4
112,1416,Completed,2016-03-14,2016-03-25,2016-03-20,3,8
113,917,Processing,2016-03-15,2016-03-24,2016-03-18,1,5
114,994,Pending,2016-03-15,2016-03-22,2016-03-18,3,4
115,964,Shipped,2016-03-16,2016-03-21,2016-03-28,3,6
116,537,Processing,2016-03-17,2016-03-29,2016-04-01,1,2
117,1103,Completed,2016-03-18,2016-03-25,2016-03-22,1,2
118,1197,Completed,2016-03-18,2016-03-24,2016-03-19,2,2
119,1036,Completed,2016-03-20,2016-03-25,2016-03-21,1,9
120,128,Completed,2016-03-20,2016-03-28,2016-03-22,1,10
121,92,Cancelled,2016-03-20,2016-04-01,2016-03-21,1,3
122,543,Completed,2016-03-21,2016-03-28,2016-03-23,1,10
123,846,Completed,2016-03-21,2016-03-26,2016-03-27,2,4
124,989,Processing,2016-03-21,2016-03-29,2016-03-24,2,10
125,447,Completed,2016-03-22,2016-04-04,,1,8
126,390,Completed,2016-03-22,2016-03-27,2016-03-27,1,4
127,672,Completed,2016-03-23,2016-03-29,2016-03-27,2,10
128,43,Completed,2016-03-24,2016-04-06,2016-04-09,2,10
129,254,Processing,2016-03-24,2016-03-30,2016-03-29,1,7
130,1154,Completed,2016-03-25,2016-04-01,2016-03-31,3,5
131,1084,Completed,2016-03-25,2016-04-05,2016-03-30,2,9
132,663,Completed,2016-03-26,2016-04-02,2016-04-06,2,4
133,467,Completed,2016-03-26,2016-04-08,,2,3
134,287,Pending,2016-03-27,2016-04-06,2016-03-28,1,2
135,1011,Completed,2016-03-27,2016-04-03,2016-03-29,1,1
136,778,Completed,2016-03-28,2016-04-10,2016-04-02,2,6
137,345,Shipped,2016-03-28,2016-04-02,2016-03-29,1,10
138,642,Pending,2016-03-29,2016-04-12,2016-03-31,1,2
139,382,Completed,2016-03-30,2016-04-06,2016-03-31,2,8
140,690,Completed,2016-03-30,2016-04-04,2016-04-15,1,6
141,1277,Processing,2016-03-30,2016-04-05,2016-04-01,3,5
142,1080,Processing,2016-03-31,2016-04-12,,1,2
143,457,Completed,2016-03-31,2016-04-11,2016-04-08,1,7
144,983,Cancelled,2016-04-01,2016-04-07,2016-04-02,2,2
145,83,Completed,2016-04-02,2016-04-08,2016-04-06,2,5
146,1123,Completed,2016-04-02,2016-04-15,,3,2
147,149,Completed,2016-04-02,2016-04-12,2016-04-03,1,10
148,1353,Completed,2016-04-03,2016-04-12,2016-04-10,3,2
149,1180,Processing,2016-04-03,2016-04-17,2016-04-05,3,7
150,190,Completed,2016-04-03,2016-04-13,2016-04-05,2,9
151,883,Completed,2016-04-03,2016-04-16,2016-04-06,1,5
152,263,Shipped,2016-04-05,2016-04-16,2016-04-16,2,7
153,1104,Completed,2016-04-05,2016-04-19,,3,4
154,400,Completed,2016-04-06,2016-04-20,2016-04-14,3,2
155,764,Completed,2016-04-06,2016-04-19,2016-04-07,2,3
156,609,Completed,2016-04-07,2016-04-15,2016-04-16,2,2
157,1284,Completed,2016-04-07,2016-04-13,2016-04-22,2,5
158,785,Pending,2016-04-08,2016-04-20,,2,6
159,101,Completed,2016-04-09,2016-04-17,2016-04-12,2,7
160,1383,Completed,2016-04-09,2016-04-22,2016-04-14,3,3
161,1404,Processing,2016-04-10,2016-04-18,,2,4
162,820,Pending,2016-04-10,2016-04-22,2016-04-11,1,8
163,1245,Completed,2016-04-11,2016-04-24,2016-04-12,3,4
164,820,Completed,2016-04-12,2016-04-25,2016-04-25,3,7
165,420,Completed,2016-04-12,2016-04-26,2016-04-20,1,6
166,124,Completed,2016-04-12,2016-04-20,,1,7
167,422,Completed,2016-04-13,2016-04-18,2016-04-16,3,1
168,1255,Completed,2016-04-14,2016-04-21,2016-04-15,2,3
169,1087,Shipped,2016-04-14,2016-04-27,2016-04-17,3,6
170,768,Completed,2016-04-16,2016-04-24,2016-04-19,3,3
171,483,Processing,2016-04-16,2016-04-25,2016-04-21,1,7
172,519,Completed,2016-04-17,2016-04-28,2016-04-27,3,9
173,155,Processing,2016-04-18,2016-04-27,2016-04-19,2,3
174,92,Pending,2016-04-20,2016-04-28,2016-04-23,1,1
175,982,Processing,2016-04-20,2016-04-26,,3,10
176,455,Completed,2016-04-21,2016-04-27,2016-04-22,3,6
177,598,Completed,2016-04-21,2016-04-29,2016-04-29,2,1
178,510,Completed,2016-04-21,2016-05-05,2016-04-24,3,1
179,1207,Processing,2016-04-22,2016-05-06,2016-04-29,3,8
180,386,Completed,2016-04-22,2016-05-05,2016-04-25,3,9
181,405,Completed,2016-04-23,2016-05-05,2016-04-24,3,2
182,246,Completed,2016-04-24,2016-05-01,2016-05-03,2,9
183,742,Completed,2016-04-24,2016-05-07,2016-04-25,3,5
184,661,Completed,2016-04-24,2016-05-03,,3,8
185,650,Completed,2016-04-26,2016-05-03,2016-05-06,3,7
186,901,Cancelled,2016-04-26,2016-05-05,2016-05-02,1,7
187,65,Processing,2016-04-27,2016-05-11,2016-05-01,2,4
188,1037,Cancelled,2016-04-27,2016-05-05,2016-05-04,1,2
189,213,Completed,2016-04-27,2016-05-09,2016-05-02,1,5
190,242,Shipped,2016-04-28,2016-05-07,2016-05-04,2,3
191,493,Processing,2016-04-30,2016-05-14,2016-05-01,1,9
192,1237,Pending,2016-04-30,2016-05-12,2016-05-04,1,6
193,338,Pending,2016-05-01,2016-05-14,2016-05-03,1,1
194,173,Completed,2016-05-01,2016-05-09,2016-05-07,2,3
195,672,Processing,2016-05-02,2016-05-13,2016-05-03,3,4
196,164,Completed,2016-05-02,2016-05-08,2016-05-10,2,9
197,465,Completed,2016-05-03,2016-05-13,2016-05-06,2,6
198,995,Completed,2016-05-04,2016-05-16,2016-05-07,2,4
199,497,Shipped,2016-05-04,2016-05-15,2016-05-13,1,1
200,700,Shipped,2016-05-05,2016-05-16,2016-05-08,3,8
201,395,Cancelled,2016-05-06,2016-05-18,2016-05-15,2,2
202,703,Pending,2016-05-07,2016-05-18,2016-05-09,2,8
203,308,Completed,2016-05-08,2016-05-17,2016-05-11,3,6
204,183,Completed,2016-05-08,2016-05-19,2016-05-09,3,8
205,629,Completed,2016-05-08,2016-05-22,2016-05-11,3,6
206,510,Completed,2016-05-08,2016-05-15,2016-05-09,1,5
207,546,Completed,2016-05-08,2016-05-17,2016-05-22,3,5
208,624,Completed,2016-05-09,2016-05-20,2016-05-10,1,10
209,594,Completed,2016-05-10,2016-05-23,2016-05-11,2,10
210,744,Shipped,2016-05-10,2016-05-16,,1,8
211,1251,Completed,2016-05-11,2016-05-19,2016-05-14,3,7
212,554,Shipped,2016-05-11,2016-05-22,2016-05-13,1,8
213,21,Pending,2016-05-11,2016-05-16,2016-05-27,3,8
214,554,Completed,2016-05-12,2016-05-18,2016-05-13,1,7
215,397,Completed,2016-05-12,2016-05-25,2016-05-15,2,2
216,625,Completed,2016-05-13,2016-05-27,2016-05-14,1,9
217,105,Completed,2016-05-13,2016-05-24,2016-05-14,2,7
218,192,Pending,2016-05-13,2016-05-27,2016-05-20,3,6
219,17,Completed,2016-05-16,2016-05-27,2016-05-20,2,9
220,1144,Completed,2016-05-16,2016-05-26,2016-05-22,3,1
221,393,Completed,2016-05-17,2016-05-24,,3,2
222,425,Cancelled,2016-05-19,2016-06-02,2016-05-20,2,1
223,129,Processing,2016-05-19,2016-05-26,2016-05-21,2,10
224,1154,Processing,2016-05-19,2016-05-25,2016-05-20,1,3
225,572,Completed,2016-05-20,2016-05-30,2016-05-21,1,5
226,29,Processing,2016-05-20,2016-05-28,2016-05-23,2,1
227,1121,Processing,2016-05-21,2016-05-30,,2,4
228,1034,Pending,2016-05-21,2016-05-28,2016-06-04,2,8
229,242,Cancelled,2016-05-21,2016-05-31,2016-05-23,2,6
230,232,Completed,2016-05-21,2016-05-28,2016-05-24,3,1
231,789,Shipped,2016-05-22,2016-06-03,2016-05-28,2,1
232,1308,Shipped,2016-05-23,2016-06-05,2016-06-14,2,3
233,715,Completed,2016-05-23,2016-05-31,2016-05-28,2,10
234,759,Completed,2016-05-24,2016-06-06,,2,8
235,802,Cancelled,2016-05-25,2016-06-05,2016-05-26,3,8
236,776,Completed,2016-05-26,2016-06-02,2016-06-03,1,3
237,726,Completed,2016-05-27,2016-06-07,2016-05-30,1,7
238,200,Cancelled,2016-05-29,2016-06-03,2016-05-30,1,3
239,945,Completed,2016-05-29,2016-06-05,2016-05-31,1,4
240,79,Completed,2016-05-29,2016-06-08,2016-06-01,1,9
241,956,Completed,2016-05-29,2016-06-06,,3,4
242,856,Completed,2016-05-30,2016-06-10,,1,3
243,1197,Completed,2016-06-01,2016-06-08,2016-06-03,3,5
244,467,Completed,2016-06-01,2016-06-06,2016-06-06,3,7
245,581,Pending,2016-06-01,2016-06-14,2016-06-04,1,5
246,1440,Completed,2016-06-01,2016-06-11,2016-06-02,1,4
247,940,Processing,2016-06-01,2016-06-13,2016-06-08,1,8
248,449,Pending,2016-06-02,2016-06-09,2016-06-05,2,4
249,87,Completed,2016-06-02,2016-06-14,2016-06-06,3,2
250,101,Pending,2016-06-02,2016-06-08,2016-06-06,1,10
251,1032,Completed,2016-06-03,2016-06-11,2016-06-04,2,6
252,845,Completed,2016-06-03,2016-06-10,,3,2
253,1224,Completed,2016-06-05,2016-06-19,2016-06-06,2,3
254,87,Shipped,2016-06-05,2016-06-10,2016-06-11,2,1
255,43,Completed,2016-06-07,2016-06-18,2016-06-16,1,5
256,1409,Completed,2016-06-10,2016-06-24,2016-06-11,3,9
257,408,Pending,2016-06-11,2016-06-17,2016-06-13,2,2
258,664,Completed,2016-06-11,2016-06-19,2016-06-14,3,7
259,1041,Completed,2016-06-13,2016-06-26,2016-07-04,1,5
260,148,Completed,2016-06-13,2016-06-23,,3,2
261,277,Pending,2016-06-14,2016-06-26,2016-06-15,2,8
262,232,Processing,2016-06-15,2016-06-21,2016-06-16,2,6
263,366,Completed,2016-06-15,2016-06-26,2016-06-18,3,4
264,1252,Completed,2016-06-16,2016-06-26,2016-06-20,2,4
265,436,Completed,2016-06-16,2016-06-29,2016-06-17,2,2
266,399,Pending,2016-06-16,2016-06-27,2016-06-20,2,3
267,1235,Completed,2016-06-17,2016-06-22,2016-06-18,1,7
268,1415,Completed,2016-06-18,2016-06-30,2016-06-19,1,3
269,499,Completed,2016-06-18,2016-07-02,2016-06-25,2,5
270,540,Completed,2016-06-19,2016-06-26,2016-06-20,3,10
271,563,Completed,2016-06-19,2016-06-25,2016-06-24,1,6
272,442,Completed,2016-06-19,2016-06-26,2016-06-26,3,6
273,1285,Completed,2016-06-20,2016-06-30,2016-06-25,2,4
274,773,Pending,2016-06-22,2016-06-29,2016-06-23,2,6
275,350,Completed,2016-06-23,2016-07-07,2016-06-24,3,3
276,1376,Shipped,2016-06-24,2016-07-03,,1,7
277,520,Completed,2016-06-25,2016-07-05,2016-06-27,3,7
278,1344,Processing,2016-06-25,2016-07-07,2016-06-30,3,4
279,138,Pending,2016-06-25,2016-07-06,,2,2
280,992,Completed,2016-06-25,2016-07-07,2016-06-26,1,7
281,368,Completed,2016-06-27,2016-07-04,2016-06-29,3,3
282,1244,Pending,2016-06-27,2016-07-05,,1,1
283,1361,Completed,2016-06-28,2016-07-08,2016-06-29,2,2
284,1247,Shipped,2016-06-28,2016-07-09,2016-06-30,1,10
285,360,Completed,2016-06-28,2016-07-11,2016-07-06,2,9
286,921,Shipped,2016-06-28,2016-07-03,2016-06-30,1,8
287,329,Completed,2016-07-01,2016-07-13,2016-07-02,3,6
288,962,Processing,2016-07-01,2016-07-13,2016-07-07,2,6
289,463,Pending,2016-07-01,2016-07-11,2016-07-03,3,1
290,946,Processing,2016-07-02,2016-07-10,2016-07-06,2,2
291,963,Completed,2016-07-02,2016-07-09,2016-07-23,1,4
292,1406,Pending,2016-07-02,2016-07-09,2016-07-04,1,3
293,836,Completed,2016-07-03,2016-07-13,2016-07-15,2,1
294,169,Processing,2016-07-04,2016-07-16,2016-07-05,2,8
295,217,Completed,2016-07-04,2016-07-15,2016-07-13,2,7
296,378,Shipped,2016-07-05,2016-07-10,2016-07-10,1,4
297,119,Completed,2016-07-06,2016-07-16,2016-07-17,2,9
298,190,Processing,2016-07-06,2016-07-17,2016-07-07,2,4
299,767,Shipped,2016-07-07,2016-07-18,2016-07-13,3,1
300,370,Processing,2016-07-08,2016-07-21,2016-07-12,2,10
301,149,Completed,2016-07-08,2016-07-22,2016-07-15,3,1
302,652,Completed,2016-07-08,2016-07-17,2016-07-09,3,1
303,770,Cancelled,2016-07-09,2016-07-14,2016-07-10,3,1
304,374,Completed,2016-07-09,2016-07-15,2016-07-10,1,4
305,781,Completed,2016-07-11,2016-07-19,2016-07-14,3,1
306,160,Pending,2016-07-12,2016-07-21,2016-07-17,2,2
307,351,Processing,2016-07-12,2016-07-25,2016-07-13,1,4
308,1312,Completed,2016-07-12,2016-07-17,2016-07-21,1,7
309,1312,Pending,2016-07-12,2016-07-19,2016-07-30,1,2
310,892,Processing,2016-07-12,2016-07-21,2016-07-15,1,8
311,1250,Completed,2016-07-13,2016-07-20,2016-07-14,1,7
312,523,Shipped,2016-07-13,2016-07-21,2016-07-18,1,9
313,522,Completed,2016-07-14,2016-07-21,2016-07-27,1,6
314,783,Completed,2016-07-15,2016-07-23,,3,4
315,273,Completed,2016-07-16,2016-07-21,2016-07-20,2,6
316,936,Completed,2016-07-17,2016-07-29,2016-07-18,2,4
317,1426,Shipped,2016-07-17,2016-07-25,2016-07-26,3,7
318,183,Completed,2016-07-17,2016-07-28,2016-07-25,3,9
319,488,Completed,2016-07-17,2016-07-23,2016-07-24,1,3
320,846,Completed,2016-07-17,2016-07-23,2016-07-18,1,3
321,124,Completed,2016-07-17,2016-07-27,2016-07-27,3,2
322,985,Completed,2016-07-18,2016-07-24,2016-08-03,1,1
323,790,Completed,2016-07-18,2016-07-28,2016-07-19,2,1
324,414,Completed,2016-07-18,2016-07-24,2016-08-02,2,3
325,1196,Shipped,2016-07-18,2016-07-26,2016-07-28,1,7
326,1312,Completed,2016-07-19,2016-07-30,2016-07-21,1,9
327,686,Completed,2016-07-21,2016-08-02,,1,2
328,113,Completed,2016-07-21,2016-07-28,2016-07-22,2,7
329,888,Processing,2016-07-21,2016-08-03,2016-07-23,1,1
330,122,Completed,2016-07-22,2016-07-28,2016-07-29,3,2
331,1246,Completed,2016-07-23,2016-08-04,2016-07-25,1,6
332,39,Completed,2016-07-23,2016-08-04,2016-07-25,3,5
333,497,Cancelled,2016-07-23,2016-07-31,2016-07-31,1,8
334,780,Completed,2016-07-23,2016-07-28,2016-07-26,1,2
335,1257,Processing,2016-07-23,2016-07-28,2016-07-24,2,1
336,943,Completed,2016-07-24,2016-07-30,2016-08-06,3,7
337,149,Completed,2016-07-27,2016-08-09,2016-07-31,3,6
338,1421,Processing,2016-07-29,2016-08-04,2016-07-30,3,8
339,1022,Completed,2016-07-29,2016-08-04,2016-08-01,2,8
340,661,Shipped,2016-08-01,2016-08-11,2016-08-03,3,2
341,302,Shipped,2016-08-02,2016-08-13,,2,8
342,1384,Shipped,2016-08-02,2016-08-13,2016-08-17,1,6
343,238,Completed,2016-08-02,2016-08-15,2016-08-05,1,9
344,647,Processing,2016-08-05,2016-08-15,,3,7
345,663,Completed,2016-08-06,2016-08-18,,1,2
346,236,Shipped,2016-08-06,2016-08-16,2016-08-09,1,8
347,203,Pending,2016-08-07,2016-08-13,2016-08-08,3,9
348,256,Processing,2016-08-07,2016-08-12,2016-08-08,1,7
349,598,Completed,2016-08-08,2016-08-17,2016-08-11,3,4
350,662,Completed,2016-08-09,2016-08-22,2016-08-10,3,9
351,235,Completed,2016-08-12,2016-08-24,2016-08-17,1,4
352,1369,Processing,2016-08-12,2016-08-20,2016-08-14,1,4
353,534,Completed,2016-08-13,2016-08-22,,1,9
354,860,Completed,2016-08-13,2016-08-22,2016-09-01,1,8
355,770,Processing,2016-08-14,2016-08-24,2016-08-20,1,4
356,541,Completed,2016-08-15,2016-08-22,,2,8
357,213,Completed,2016-08-17,2016-08-26,2016-08-18,1,8
358,463,Completed,2016-08-17,2016-08-23,2016-08-29,2,7
359,436,Completed,2016-08-18,2016-09-01,2016-08-21,3,10
360,283,Completed,2016-08-19,2016-08-24,2016-09-02,1,6
361,1431,Completed,2016-08-20,2016-08-25,2016-08-21,1,8
362,88,Completed,2016-08-20,2016-09-03,2016-08-21,1,7
363,1068,Completed,2016-08-21,2016-09-01,2016-08-24,3,5
364,461,Processing,2016-08-21,2016-08-27,2016-08-23,2,4
365,278,Completed,2016-08-23,2016-08-31,2016-08-26,2,2
366,421,Completed,2016-08-24,2016-09-02,2016-08-29,1,8
367,1377,Shipped,2016-08-24,2016-09-04,2016-09-06,1,9
368,696,Completed,2016-08-25,2016-08-31,2016-08-26,1,4
369,515,Completed,2016-08-26,2016-09-05,,1,4
370,703,Processing,2016-08-28,2016-09-02,2016-09-05,3,5
371,19,Shipped,2016-08-29,2016-09-09,2016-09-09,1,2
372,23,Processing,2016-08-29,2016-09-11,2016-09-01,3,7
373,413,Processing,2016-08-29,2016-09-07,,1,5
374,1054,Processing,2016-08-30,2016-09-08,2016-09-02,2,6
375,108,Completed,2016-08-31,2016-09-08,2016-09-04,2,4
376,1391,Processing,2016-08-31,2016-09-07,2016-09-01,1,8
377,1305,Completed,2016-09-01,2016-09-14,2016-09-02,1,8
378,1152,Shipped,2016-09-02,2016-09-11,2016-09-08,3,5
379,1253,Completed,2016-09-02,2016-09-14,2016-09-25,1,6
380,1135,Completed,2016-09-02,2016-09-15,2016-09-05,1,3
381,136,Completed,2016-09-02,2016-09-11,2016-09-04,1,1
382,362,Processing,2016-09-05,2016-09-19,2016-09-10,2,9
383,1210,Completed,2016-09-05,2016-09-18,2016-09-06,3,9
384,129,Shipped,2016-09-05,2016-09-11,2016-09-06,2,3
385,1285,Processing,2016-09-06,2016-09-19,2016-09-07,3,4
386,515,Completed,2016-09-06,2016-09-14,2016-09-09,2,7
387,449,Processing,2016-09-07,2016-09-17,2016-09-08,1,2
388,1128,Processing,2016-09-07,2016-09-17,2016-09-16,2,3
389,1248,Pending,2016-09-07,2016-09-17,2016-09-08,2,6
390,874,Completed,2016-09-08,2016-09-14,2016-09-10,3,8
391,473,Completed,2016-09-08,2016-09-19,2016-09-15,3,1
392,1034,Completed,2016-09-08,2016-09-18,2016-09-30,2,4
393,1429,Completed,2016-09-09,2016-09-14,2016-09-10,3,1
394,302,Shipped,2016-09-10,2016-09-16,2016-09-12,3,2
395,231,Completed,2016-09-10,2016-09-21,2016-09-24,3,8
396,923,Processing,2016-09-10,2016-09-15,2016-09-11,3,6
397,1090,Completed,2016-09-11,2016-09-16,2016-09-17,3,9
398,937,Completed,2016-09-12,2016-09-17,2016-09-22,2,2
399,112,Processing,2016-09-12,2016-09-24,2016-09-19,3,3
400,1037,Shipped,2016-09-12,2016-09-20,2016-09-16,1,9
401,1417,Completed,2016-09-15,2016-09-23,2016-09-16,2,9
402,500,Completed,2016-09-16,2016-09-22,2016-09-17,2,6
403,932,Completed,2016-09-16,2016-09-21,,2,3
404,598,Completed,2016-09-16,2016-09-30,2016-09-17,3,5
405,234,Completed,2016-09-17,2016-09-30,2016-09-20,1,2
406,602,Completed,2016-09-17,2016-09-28,2016-09-20,3,7
407,314,Completed,2016-09-17,2016-09-25,,2,10
408,566,Processing,2016-09-17,2016-09-27,2016-09-26,2,8
409,1036,Completed,2016-09-18,2016-09-24,2016-09-20,2,6
410,209,Completed,2016-09-19,2016-09-30,2016-09-30,2,8
411,1038,Completed,2016-09-19,2016-09-25,2016-09-23,3,2
412,1442,Processing,2016-09-21,2016-10-05,2016-09-22,1,3
413,1401,Shipped,2016-09-22,2016-10-04,2016-09-23,1,7
414,1044,Completed,2016-09-22,2016-10-04,2016-10-06,2,10
415,587,Processing,2016-09-22,2016-09-27,2016-09-30,1,1
416,1015,Completed,2016-09-22,2016-10-04,,2,7
417,1094,Completed,2016-09-23,2016-09-29,2016-09-24,2,6
418,1235,Completed,2016-09-23,2016-10-03,2016-09-30,1,8
419,1125,Completed,2016-09-24,2016-09-29,2016-10-02,2,7
420,698,Processing,2016-09-25,2016-10-04,2016-10-12,1,4
421,132,Shipped,2016-09-26,2016-10-07,2016-10-08,2,3
422,1405,Completed,2016-09-26,2016-10-10,2016-09-27,1,3
423,1156,Pending,2016-09-27,2016-10-02,2016-09-28,2,4
424,1044,Completed,2016-09-27,2016-10-03,2016-09-30,1,9
425,536,Completed,2016-09-27,2016-10-08,2016-09-28,2,9
426,1014,Completed,2016-09-28,2016-10-08,2016-10-01,2,2
427,227,Completed,2016-09-29,2016-10-06,2016-10-01,2,5
428,1178,Completed,2016-09-29,2016-10-13,2016-10-05,1,1
429,822,Completed,2016-09-29,2016-10-05,2016-09-30,3,4
430,871,Completed,2016-09-30,2016-10-14,2016-10-01,2,2
431,405,Completed,2016-10-01,2016-10-09,2016-10-02,2,8
432,202,Processing,2016-10-02,2016-10-09,2016-10-03,1,4
433,38,Completed,2016-10-02,2016-10-13,2016-10-09,2,5
434,942,Cancelled,2016-10-03,2016-10-15,2016-10-04,2,4
435,188,Completed,2016-10-05,2016-10-11,2016-10-06,2,5
436,1081,Processing,2016-10-07,2016-10-21,,2,5
437,941,Shipped,2016-10-08,2016-10-19,2016-10-15,3,5
438,1044,Pending,2016-10-09,2016-10-21,2016-10-18,3,3
439,273,Completed,2016-10-09,2016-10-19,2016-10-10,2,7
440,1143,Processing,2016-10-09,2016-10-19,2016-10-18,2,3
441,583,Completed,2016-10-09,2016-10-23,2016-10-12,2,2
442,516,Completed,2016-10-09,2016-10-14,2016-10-18,3,3
443,1245,Completed,2016-10-09,2016-10-17,2016-10-28,3,3
444,526,Completed,2016-10-10,2016-10-15,2016-10-11,1,8
445,336,Completed,2016-10-11,2016-10-19,2016-10-18,1,4
446,698,Shipped,2016-10-11,2016-10-17,2016-10-12,2,3
447,1079,Pending,2016-10-11,2016-10-20,2016-10-12,2,10
448,500,Completed,2016-10-14,2016-10-28,2016-10-16,3,5
449,900,Shipped,2016-10-17,2016-10-30,2016-10-21,2,4
450,766,Completed,2016-10-17,2016-10-31,2016-10-30,2,9
451,536,Cancelled,2016-10-19,2016-10-26,,3,8
452,162,Completed,2016-10-20,2016-11-01,,3,7
453,594,Completed,2016-10-21,2016-10-28,2016-10-26,3,8
454,159,Processing,2016-10-21,2016-10-31,2016-10-24,3,5
455,1212,Pending,2016-10-21,2016-10-29,2016-10-22,1,4
456,60,Processing,2016-10-22,2016-11-03,2016-11-08,3,7
457,915,Cancelled,2016-10-23,2016-11-02,2016-10-26,3,1
458,1343,Processing,2016-10-23,2016-11-04,,2,6
459,211,Pending,2016-10-24,2016-10-29,2016-10-27,2,8
460,406,Shipped,2016-10-24,2016-11-03,2016-10-26,2,7
461,664,Pending,2016-10-25,2016-10-30,2016-10-28,1,2
462,1133,Completed,2016-10-25,2016-10-30,2016-10-26,3,7
463,1100,Shipped,2016-10-26,2016-11-07,2016-11-01,3,6
464,542,Completed,2016-10-26,2016-11-06,2016-10-27,1,5
465,1338,Processing,2016-10-26,2016-11-02,2016-11-10,3,4
466,998,Shipped,2016-10-27,2016-11-06,2016-10-28,2,1
467,1141,Processing,2016-10-27,2016-11-09,2016-10-31,1,2
468,927,Pending,2016-10-27,2016-11-07,2016-10-29,3,7
469,868,Processing,2016-10-27,2016-11-03,2016-10-31,1,10
470,19,Completed,2016-10-30,2016-11-09,2016-11-01,1,3
471,432,Shipped,2016-10-30,2016-11-07,2016-10-31,3,5
472,740,Completed,2016-10-30,2016-11-06,,2,8
473,1374,Completed,2016-11-01,2016-11-14,2016-11-02,3,8
474,183,Completed,2016-11-01,2016-11-15,2016-11-13,3,6
475,113,Completed,2016-11-02,2016-11-08,2016-11-04,2,5
476,1207,Completed,2016-11-02,2016-11-07,2016-11-12,3,2
477,481,Processing,2016-11-03,2016-11-09,2016-11-09,3,9
478,1170,Completed,2016-11-03,2016-11-14,,3,1
479,831,Completed,2016-11-03,2016-11-17,2016-11-05,1,2
480,1137,Completed,2016-11-04,2016-11-09,2016-11-05,1,1
481,763,Completed,2016-11-04,2016-11-14,2016-11-11,1,4
482,476,Pending,2016-11-06,2016-11-17,2016-11-07,3,4
483,763,Completed,2016-11-07,2016-11-20,2016-11-16,2,5
484,1327,Completed,2016-11-07,2016-11-19,2016-11-08,1,5
485,971,Completed,2016-11-08,2016-11-18,2016-11-09,2,8
486,1020,Completed,2016-11-08,2016-11-15,2016-11-12,3,3
487,1142,Completed,2016-11-09,2016-11-21,2016-11-13,1,6
488,161,Completed,2016-11-10,2016-11-21,2016-11-18,3,3
489,401,Processing,2016-11-10,2016-11-17,2016-11-11,2,2
490,198,Processing,2016-11-12,2016-11-25,2016-11-15,1,8
491,1284,Completed,2016-11-12,2016-11-18,2016-11-13,1,1
492,660,Cancelled,2016-11-13,2016-11-20,2016-11-20,1,9
493,1071,Completed,2016-11-14,2016-11-20,2016-11-15,1,7
494,399,Completed,2016-11-15,2016-11-20,2016-11-21,2,10
495,78,Cancelled,2016-11-15,2016-11-23,2016-11-17,1,4
496,124,Completed,2016-11-16,2016-11-25,2016-11-22,3,3
497,75,Shipped,2016-11-17,2016-11-27,2016-11-19,1,6
498,137,Completed,2016-11-17,2016-11-26,2016-11-20,2,9
499,602,Completed,2016-11-18,2016-11-23,2016-11-19,1,9
500,1424,Completed,2016-11-18,2016-11-25,2016-11-23,2,4
501,837,Processing,2016-11-20,2016-11-25,2016-11-26,2,10
502,500,Pending,2016-11-21,2016-11-30,2016-11-22,3,5
503,138,Processing,2016-11-21,2016-11-30,2016-11-24,1,9
504,50,Completed,2016-11-25,2016-12-05,2016-11-27,1,2
505,973,Completed,2016-11-25,2016-12-07,2016-11-29,1,2
506,254,Completed,2016-11-26,2016-12-10,,3,5
507,710,Completed,2016-11-29,2016-12-04,2016-12-06,3,1
508,563,Shipped,2016-11-29,2016-12-07,2016-12-02,2,8
509,757,Completed,2016-12-02,2016-12-16,2016-12-03,2,5
510,547,Processing,2016-12-03,2016-12-08,2016-12-14,2,10
511,1326,Processing,2016-12-04,2016-12-17,2016-12-09,3,2
512,922,Completed,2016-12-05,2016-12-16,2016-12-06,3,9
513,581,Pending,2016-12-06,2016-12-17,2016-12-07,3,2
514,1373,Completed,2016-12-06,2016-12-15,2016-12-07,2,7
515,49,Completed,2016-12-07,2016-12-18,2016-12-08,3,8
516,917,Completed,2016-12-07,2016-12-13,2016-12-08,2,6
517,1098,Completed,2016-12-10,2016-12-18,2016-12-14,2,7
518,704,Completed,2016-12-11,2016-12-22,2016-12-13,1,1
519,261,Completed,2016-12-12,2016-12-19,2016-12-23,1,4
520,356,Completed,2016-12-13,2016-12-19,2016-12-15,1,7
521,1284,Completed,2016-12-14,2016-12-28,2016-12-15,2,1
522,638,Pending,2016-12-15,2016-12-21,2016-12-17,1,1
523,743,Processing,2016-12-15,2016-12-20,2016-12-16,1,6
524,1319,Completed,2016-12-15,2016-12-24,,1,4
525,1010,Completed,2016-12-15,2016-12-25,2016-12-24,3,3
526,931,Processing,2016-12-16,2016-12-26,2016-12-17,2,5
527,641,Completed,2016-12-17,2016-12-30,2016-12-20,1,9
528,792,Pending,2016-12-18,2016-12-26,2016-12-19,3,10
529,1337,Completed,2016-12-18,2016-12-23,2016-12-19,3,10
530,612,Completed,2016-12-19,2016-12-29,2016-12-20,3,10
531,809,Completed,2016-12-19,2016-12-28,2016-12-21,1,3
532,1206,Completed,2016-12-20,2017-01-03,2016-12-21,3,5
533,686,Pending,2016-12-20,2016-12-30,2016-12-21,2,10
534,1388,Completed,2016-12-20,2016-12-27,2016-12-28,3,5
535,188,Processing,2016-12-21,2016-12-27,2016-12-27,3,9
536,985,Shipped,2016-12-21,2016-12-31,2016-12-23,3,10
537,548,Completed,2016-12-22,2016-12-27,2016-12-23,3,4
538,725,Processing,2016-12-22,2017-01-02,2016-12-28,2,1
539,926,Completed,2016-12-22,2017-01-02,2016-12-23,1,10
540,1432,Completed,2016-12-22,2017-01-05,2016-12-30,2,5
541,876,Processing,2016-12-23,2017-01-03,2016-12-26,2,1
542,618,Completed,2016-12-24,2017-01-07,2017-01-04,1,6
543,414,Completed,2016-12-24,2016-12-29,,3,10
544,1366,Completed,2016-12-25,2017-01-02,2016-12-31,1,10
545,1244,Completed,2016-12-25,2017-01-05,2017-01-03,1,7
546,903,Shipped,2016-12-28,2017-01-10,2016-12-29,2,1
547,163,Shipped,2016-12-30,2017-01-08,2016-12-31,1,10
548,1244,Processing,2016-12-31,2017-01-06,2017-01-07,3,4
549,270,Processing,2016-12-31,2017-01-11,,2,9
550,632,Completed,2017-01-01,2017-01-15,2017-01-03,3,1
551,906,Completed,2017-01-01,2017-01-06,2017-01-02,2,9
552,1424,Completed,2017-01-02,2017-01-13,2017-01-03,3,8
553,1206,Completed,2017-01-03,2017-01-13,2017-01-11,1,5
554,205,Completed,2017-01-03,2017-01-14,2017-01-04,1,6
555,582,Cancelled,2017-01-04,2017-01-18,2017-01-06,1,7
556,841,Completed,2017-01-04,2017-01-11,2017-01-08,3,4
557,1252,Completed,2017-01-05,2017-01-12,2017-01-06,2,6
558,596,Completed,2017-01-06,2017-01-17,2017-01-19,2,7
559,250,Pending,2017-01-06,2017-01-12,2017-01-07,2,6
560,875,Processing,2017-01-07,2017-01-12,2017-01-16,1,6
561,196,Completed,2017-01-08,2017-01-21,2017-02-03,3,2
562,690,Completed,2017-01-08,2017-01-21,2017-01-09,2,5
563,1094,Processing,2017-01-08,2017-01-19,2017-01-10,3,3
564,639,Completed,2017-01-09,2017-01-20,2017-01-13,2,7
565,1423,Completed,2017-01-09,2017-01-16,2017-01-10,1,4
566,672,Pending,2017-01-09,2017-01-23,,3,1
567,1227,Processing,2017-01-13,2017-01-19,2017-01-22,2,6
568,1172,Completed,2017-01-13,2017-01-24,2017-02-17,2,6
569,944,Processing,2017-01-13,2017-01-26,2017-01-14,2,7
570,199,Processing,2017-01-13,2017-01-18,2017-01-14,2,8
571,492,Completed,2017-01-14,2017-01-22,2017-01-21,1,3
572,896,Cancelled,2017-01-14,2017-01-24,2017-02-01,2,6
573,142,Processing,2017-01-15,2017-01-26,2017-01-25,2,10
574,1337,Processing,2017-01-16,2017-01-30,2017-01-17,1,2
575,165,Processing,2017-01-17,2017-01-28,2017-01-22,2,9
576,314,Completed,2017-01-17,2017-01-31,2017-01-19,3,2
577,21,Completed,2017-01-18,2017-01-24,2017-01-24,3,3
578,1106,Completed,2017-01-18,2017-01-26,2017-02-09,2,10
579,1155,Completed,2017-01-18,2017-01-27,,1,2
580,984,Completed,2017-01-19,2017-01-24,2017-01-22,1,9
581,305,Shipped,2017-01-19,2017-01-24,2017-01-20,1,1
582,371,Processing,2017-01-20,2017-02-03,2017-01-30,2,5
583,853,Pending,2017-01-21,2017-01-28,2017-01-29,2,1
584,384,Shipped,2017-01-21,2017-02-04,2017-01-24,3,5
585,445,Processing,2017-01-23,2017-01-30,2017-01-24,1,8
586,425,Completed,2017-01-23,2017-02-04,2017-01-24,2,8
587,161,Completed,2017-01-24,2017-02-06,2017-01-25,2,8
588,1202,Completed,2017-01-24,2017-01-29,2017-01-25,2,2
589,629,Processing,2017-01-24,2017-01-30,,1,8
590,895,Completed,2017-01-25,2017-02-08,2017-01-26,1,5
591,490,Pending,2017-01-27,2017-02-02,2017-01-28,3,1
592,1017,Completed,2017-01-27,2017-02-04,2017-01-29,1,7
593,327,Processing,2017-01-27,2017-02-02,2017-02-02,2,6
594,598,Processing,2017-01-28,2017-02-08,2017-01-30,3,5
595,1015,Processing,2017-01-28,2017-02-10,2017-02-04,1,1
596,289,Cancelled,2017-01-29,2017-02-09,,1,1
597,593,Processing,2017-01-30,2017-02-09,,1,6
598,573,Shipped,2017-01-31,2017-02-14,2017-02-03,1,10
599,1378,Shipped,2017-02-01,2017-02-06,2017-02-02,2,7
600,28,Processing,2017-02-02,2017-02-16,2017-02-11,1,10
601,954,Pending,2017-02-02,2017-02-15,2017-02-05,2,10
602,43,Completed,2017-02-05,2017-02-14,2017-02-23,2,1
603,423,Completed,2017-02-05,2017-02-14,2017-02-06,2,9
604,177,Completed,2017-02-06,2017-02-16,2017-02-07,3,4
605,529,Completed,2017-02-06,2017-02-19,2017-02-11,2,5
606,966,Completed,2017-02-07,2017-02-19,2017-02-20,1,2
607,198,Cancelled,2017-02-07,2017-02-19,,3,10
608,610,Shipped,2017-02-09,2017-02-21,2017-02-21,1,8
609,842,Processing,2017-02-09,2017-02-14,2017-02-10,2,2
610,853,Completed,2017-02-09,2017-02-14,2017-02-13,1,3
611,22,Completed,2017-02-10,2017-02-22,2017-02-27,3,9
612,1136,Completed,2017-02-11,2017-02-20,2017-02-12,3,2
613,1081,Completed,2017-02-12,2017-02-25,2017-02-13,1,6
614,1090,Completed,2017-02-12,2017-02-18,2017-02-13,1,4
615,842,Completed,2017-02-12,2017-02-25,2017-02-14,1,7
616,98,Shipped,2017-02-13,2017-02-25,2017-02-14,3,6
617,1168,Processing,2017-02-14,2017-02-27,2017-02-27,2,10
618,435,Completed,2017-02-14,2017-02-22,2017-02-21,1,9
619,637,Completed,2017-02-14,2017-02-19,,2,9
620,1110,Completed,2017-02-15,2017-02-20,2017-02-19,3,10
621,588,Completed,2017-02-16,2017-02-25,2017-02-28,1,4
622,344,Shipped,2017-02-16,2017-02-22,2017-02-17,1,1
623,1318,Completed,2017-02-16,2017-02-28,2017-03-03,3,2
624,571,Completed,2017-02-17,2017-03-03,,1,8
625,611,Completed,2017-02-19,2017-02-28,2017-02-20,2,10
626,243,Completed,2017-02-19,2017-02-28,2017-02-20,3,8
627,561,Pending,2017-02-20,2017-02-26,2017-03-07,3,2
628,960,Processing,2017-02-21,2017-03-04,2017-02-22,1,4
629,32,Pending,2017-02-23,2017-03-07,2017-02-25,3,1
630,391,Completed,2017-02-24,2017-03-10,2017-02-26,1,7
631,277,Completed,2017-02-24,2017-03-01,2017-02-25,1,4
632,532,Completed,2017-02-25,2017-03-03,2017-02-26,3,8
633,1178,Shipped,2017-02-26,2017-03-12,2017-02-27,1,9
634,383,Completed,2017-02-27,2017-03-07,2017-03-02,2,9
635,1092,Completed,2017-03-01,2017-03-10,2017-03-14,2,3
636,884,Pending,2017-03-01,2017-03-07,2017-03-03,1,5
637,214,Pending,2017-03-01,2017-03-06,2017-03-04,2,6
638,376,Completed,2017-03-02,2017-03-15,2017-03-13,1,6
639,744,Completed,2017-03-02,2017-03-07,2017-03-04,2,10
640,213,Completed,2017-03-04,2017-03-12,2017-03-15,3,8
641,79,Shipped,2017-03-04,2017-03-10,2017-03-05,1,6
642,628,Completed,2017-03-05,2017-03-13,2017-03-07,1,6
643,604,Shipped,2017-03-05,2017-03-17,2017-03-06,1,4
644,782,Completed,2017-03-05,2017-03-17,,1,7
645,1405,Shipped,2017-03-06,2017-03-19,2017-03-07,1,8
646,1001,Processing,2017-03-07,2017-03-16,,1,3
647,680,Completed,2017-03-09,2017-03-20,2017-03-17,3,7
648,58,Shipped,2017-03-09,2017-03-16,2017-03-12,3,3
649,1050,Completed,2017-03-10,2017-03-24,2017-03-29,2,8
650,881,Shipped,2017-03-10,2017-03-18,2017-03-11,1,1
651,447,Pending,2017-03-10,2017-03-24,2017-03-11,2,1
652,66,Completed,2017-03-11,2017-03-24,2017-03-23,2,6
653,1278,Pending,2017-03-11,2017-03-25,2017-03-13,3,10
654,1068,Cancelled,2017-03-11,2017-03-25,2017-03-12,2,9
655,1121,Completed,2017-03-11,2017-03-16,2017-03-15,3,4
656,1012,Completed,2017-03-12,2017-03-18,2017-03-13,2,6
657,227,Processing,2017-03-12,2017-03-21,2017-03-17,1,5
658,774,Processing,2017-03-12,2017-03-19,2017-03-17,2,1
659,679,Completed,2017-03-14,2017-03-20,2017-03-15,3,6
660,601,Completed,2017-03-14,2017-03-19,2017-03-15,3,9
661,379,Completed,2017-03-16,2017-03-30,2017-03-19,3,3
662,1202,Completed,2017-03-17,2017-03-24,2017-03-24,2,3
663,709,Completed,2017-03-18,2017-03-23,2017-03-19,2,2
664,307,Shipped,2017-03-18,2017-03-23,2017-03-28,3,4
665,779,Completed,2017-03-21,2017-03-26,2017-03-22,1,10
666,504,Pending,2017-03-23,2017-04-04,2017-03-30,1,3
667,268,Completed,2017-03-23,2017-03-30,2017-03-24,2,2
668,8,Completed,2017-03-23,2017-03-28,2017-03-24,2,1
669,508,Completed,2017-03-24,2017-04-04,2017-03-27,3,3
670,476,Completed,2017-03-24,2017-04-07,2017-03-25,2,10
671,1321,Pending,2017-03-25,2017-04-01,2017-03-27,2,6
672,164,Shipped,2017-03-25,2017-04-06,2017-03-30,3,9
673,485,Pending,2017-03-26,2017-04-03,2017-04-10,3,5
674,1096,Cancelled,2017-03-26,2017-04-03,2017-03-28,2,3
675,567,Shipped,2017-03-27,2017-04-05,2017-04-01,1,5
676,905,Completed,2017-03-28,2017-04-07,2017-03-29,2,5
677,559,Processing,2017-03-30,2017-04-10,2017-04-01,1,5
678,238,Pending,2017-03-30,2017-04-07,2017-04-02,1,7
679,1128,Completed,2017-04-02,2017-04-14,2017-04-06,1,5
680,1234,Processing,2017-04-02,2017-04-12,,3,7
681,554,Completed,2017-04-02,2017-04-07,2017-04-05,3,9
682,828,Completed,2017-04-02,2017-04-07,2017-04-08,3,5
683,468,Processing,2017-04-03,2017-04-16,2017-04-10,2,2
684,1292,Completed,2017-04-03,2017-04-17,,3,5
685,386,Completed,2017-04-04,2017-04-14,2017-04-07,3,8
686,775,Shipped,2017-04-04,2017-04-18,2017-04-13,2,4
687,848,Pending,2017-04-06,2017-04-18,2017-04-07,2,2
688,387,Completed,2017-04-06,2017-04-17,2017-04-09,1,10
689,877,Pending,2017-04-06,2017-04-16,2017-04-07,2,3
690,259,Completed,2017-04-08,2017-04-16,2017-04-09,2,9
691,283,Completed,2017-04-09,2017-04-20,2017-04-10,3,9
692,40,Cancelled,2017-04-09,2017-04-22,2017-04-13,1,8
693,486,Pending,2017-04-10,2017-04-24,2017-04-22,1,8
694,929,Completed,2017-04-10,2017-04-24,2017-04-14,2,8
695,220,Processing,2017-04-10,2017-04-21,,3,8
696,1153,Shipped,2017-04-11,2017-04-16,2017-04-19,3,8
697,1015,Completed,2017-04-12,2017-04-26,2017-04-14,3,1
698,1024,Completed,2017-04-13,2017-04-26,2017-04-16,3,6
699,613,Completed,2017-04-13,2017-04-21,,2,9
700,928,Pending,2017-04-13,2017-04-20,2017-04-14,3,8
701,688,Pending,2017-04-13,2017-04-21,2017-04-21,1,3
702,613,Pending,2017-04-14,2017-04-22,2017-04-15,1,1
703,260,Shipped,2017-04-16,2017-04-30,2017-04-26,2,2
704,990,Processing,2017-04-16,2017-04-22,2017-04-17,3,2
705,966,Completed,2017-04-17,2017-04-22,2017-04-23,3,7
706,366,Completed,2017-04-17,2017-05-01,2017-04-25,3,6
707,544,Completed,2017-04-18,2017-04-23,2017-04-25,3,2
708,649,Completed,2017-04-20,2017-05-02,2017-04-23,2,8
709,814,Pending,2017-04-21,2017-04-27,,3,9
710,1040,Shipped,2017-04-21,2017-05-05,2017-04-23,2,7
711,1153,Completed,2017-04-22,2017-05-01,2017-04-27,3,4
712,575,Completed,2017-04-24,2017-05-02,2017-04-28,3,1
713,1133,Processing,2017-04-25,2017-05-07,2017-04-27,1,4
714,1013,Completed,2017-04-25,2017-05-01,2017-04-26,2,4
715,670,Completed,2017-04-25,2017-05-09,2017-04-28,1,8
716,269,Completed,2017-04-26,2017-05-09,2017-05-03,2,4
717,1186,Completed,2017-04-27,2017-05-08,2017-05-02,3,4
718,1284,Shipped,2017-04-28,2017-05-09,2017-05-11,3,2
719,924,Completed,2017-04-30,2017-05-05,2017-05-06,2,10
720,1126,Completed,2017-05-02,2017-05-08,,1,7
721,247,Completed,2017-05-03,2017-05-11,2017-05-06,2,4
722,131,Cancelled,2017-05-03,2017-05-11,2017-05-06,2,6
723,353,Completed,2017-05-04,2017-05-11,2017-05-07,3,3
724,196,Completed,2017-05-06,2017-05-17,2017-05-07,1,7
725,930,Completed,2017-05-06,2017-05-18,2017-05-07,2,6
726,1406,Completed,2017-05-08,2017-05-14,2017-05-20,1,3
727,1022,Completed,2017-05-08,2017-05-16,2017-05-11,1,4
728,645,Pending,2017-05-09,2017-05-16,2017-05-16,2,10
729,227,Completed,2017-05-09,2017-05-15,2017-05-13,1,5
730,701,Completed,2017-05-10,2017-05-20,,3,9
731,265,Processing,2017-05-10,2017-05-18,2017-05-11,3,6
732,1396,Completed,2017-05-10,2017-05-20,2017-05-12,3,4
733,646,Completed,2017-05-10,2017-05-16,2017-05-14,3,7
734,211,Completed,2017-05-11,2017-05-19,,1,2
735,1401,Cancelled,2017-05-11,2017-05-21,2017-05-12,3,4
736,1419,Completed,2017-05-12,2017-05-21,2017-05-17,2,5
737,943,Shipped,2017-05-12,2017-05-19,2017-05-18,3,4
738,1388,Processing,2017-05-13,2017-05-25,2017-05-20,2,4
739,457,Completed,2017-05-13,2017-05-24,2017-05-16,2,9
740,725,Cancelled,2017-05-14,2017-05-21,2017-05-15,3,2
741,1250,Completed,2017-05-16,2017-05-26,2017-05-20,3,6
742,982,Completed,2017-05-17,2017-05-25,2017-05-18,1,8
743,1155,Processing,2017-05-19,2017-05-28,,2,8
744,588,Processing,2017-05-20,2017-05-29,2017-05-25,3,7
745,476,Pending,2017-05-21,2017-06-01,2017-05-23,1,10
746,986,Completed,2017-05-21,2017-05-30,2017-05-30,3,4
747,1301,Completed,2017-05-21,2017-05-28,,3,7
748,156,Processing,2017-05-22,2017-06-05,2017-06-02,3,10
749,1242,Completed,2017-05-22,2017-05-31,,2,6
750,190,Completed,2017-05-24,2017-06-04,2017-06-08,3,6
751,1441,Completed,2017-05-26,2017-06-04,2017-05-27,1,2
752,981,Completed,2017-05-28,2017-06-06,,3,8
753,546,Shipped,2017-05-28,2017-06-10,,3,8
754,41,Completed,2017-05-31,2017-06-07,2017-06-10,1,7
755,307,Cancelled,2017-05-31,2017-06-10,2017-06-06,1,9
756,943,Completed,2017-06-01,2017-06-06,2017-06-03,2,8
757,338,Processing,2017-06-02,2017-06-16,2017-06-05,2,9
758,1338,Completed,2017-06-02,2017-06-11,2017-06-10,2,9
759,1099,Completed,2017-06-02,2017-06-14,,2,6
760,953,Completed,2017-06-03,2017-06-12,2017-06-07,1,2
761,279,Completed,2017-06-03,2017-06-16,2017-06-04,3,7
762,1200,Completed,2017-06-03,2017-06-13,2017-06-13,3,3
763,896,Cancelled,2017-06-05,2017-06-17,2017-06-08,3,7
764,273,Pending,2017-06-08,2017-06-22,,2,9
765,837,Completed,2017-06-09,2017-06-21,2017-06-10,1,10
766,620,Completed,2017-06-09,2017-06-16,2017-06-10,1,10
767,862,Completed,2017-06-10,2017-06-21,2017-06-15,1,2
768,931,Completed,2017-06-10,2017-06-21,2017-06-13,3,6
769,289,Processing,2017-06-10,2017-06-24,2017-06-20,2,6
770,724,Shipped,2017-06-11,2017-06-21,2017-06-16,1,9
771,893,Completed,2017-06-13,2017-06-24,2017-06-27,2,9
772,272,Completed,2017-06-14,2017-06-20,2017-06-21,1,5
773,1090,Completed,2017-06-16,2017-06-29,2017-06-29,2,5
774,483,Pending,2017-06-16,2017-06-30,2017-06-23,1,9
775,936,Completed,2017-06-17,2017-07-01,2017-06-19,2,8
776,248,Pending,2017-06-19,2017-06-24,2017-06-26,1,7
777,156,Pending,2017-06-19,2017-06-24,2017-07-05,1,8
778,1071,Completed,2017-06-19,2017-06-26,2017-06-20,2,6
779,454,Processing,2017-06-19,2017-06-26,2017-06-22,2,3
780,201,Completed,2017-06-22,2017-06-27,2017-06-23,3,7
781,124,Pending,2017-06-22,2017-07-03,2017-06-28,2,8
782,1,Completed,2017-06-22,2017-06-30,2017-06-26,1,8
783,968,Completed,2017-06-23,2017-07-07,2017-06-29,1,1
784,855,Shipped,2017-06-23,2017-06-29,,2,7
785,640,Shipped,2017-06-23,2017-07-07,2017-06-26,3,3
786,191,Processing,2017-06-23,2017-07-02,2017-06-24,2,2
787,516,Completed,2017-06-24,2017-07-04,2017-07-04,1,2
788,442,Processing,2017-06-25,2017-07-08,2017-07-01,1,8
789,143,Completed,2017-06-26,2017-07-04,,3,9
790,1215,Shipped,2017-06-26,2017-07-02,2017-07-19,2,3
791,533,Completed,2017-06-26,2017-07-05,2017-06-27,1,3
792,227,Cancelled,2017-06-26,2017-07-03,2017-06-27,1,6
793,1337,Shipped,2017-06-27,2017-07-03,2017-07-04,1,10
794,949,Processing,2017-06-27,2017-07-02,2017-06-28,2,1
795,1326,Completed,2017-06-28,2017-07-12,2017-07-02,2,6
796,460,Completed,2017-06-28,2017-07-04,2017-07-01,3,3
797,1425,Shipped,2017-06-29,2017-07-09,2017-07-03,1,4
798,551,Completed,2017-06-29,2017-07-11,2017-07-02,1,9
799,393,Shipped,2017-06-29,2017-07-06,2017-07-07,3,3
800,845,Completed,2017-06-30,2017-07-13,2017-07-01,1,1
801,1231,Completed,2017-07-03,2017-07-16,2017-07-16,3,3
802,210,Shipped,2017-07-03,2017-07-09,2017-07-05,3,7
803,1139,Pending,2017-07-04,2017-07-16,2017-07-07,1,7
804,646,Completed,2017-07-04,2017-07-18,2017-07-17,2,5
805,1275,Completed,2017-07-04,2017-07-13,2017-07-05,2,1
806,219,Completed,2017-07-04,2017-07-12,2017-07-06,2,8
807,407,Processing,2017-07-05,2017-07-19,2017-07-08,2,10
808,1378,Completed,2017-07-07,2017-07-16,2017-07-08,1,8
809,888,Shipped,2017-07-07,2017-07-15,2017-07-08,3,10
810,558,Shipped,2017-07-09,2017-07-21,2017-07-13,3,10
811,550,Completed,2017-07-09,2017-07-17,2017-07-22,1,10
812,142,Processing,2017-07-09,2017-07-23,2017-07-23,2,2
813,612,Completed,2017-07-10,2017-07-20,2017-07-11,3,10
814,501,Completed,2017-07-13,2017-07-19,2017-07-24,1,3
815,840,Cancelled,2017-07-13,2017-07-22,2017-07-22,1,4
816,702,Completed,2017-07-14,2017-07-24,2017-07-28,2,1
817,596,Completed,2017-07-14,2017-07-23,2017-07-15,1,4
818,281,Completed,2017-07-15,2017-07-21,2017-07-16,3,5
819,424,Completed,2017-07-16,2017-07-27,2017-07-18,3,3
820,856,Completed,2017-07-17,2017-07-25,2017-07-21,1,10
821,270,Processing,2017-07-17,2017-07-29,2017-07-22,3,2
822,154,Pending,2017-07-18,2017-07-29,2017-07-26,1,6
823,614,Pending,2017-07-19,2017-07-30,2017-07-20,3,8
824,662,Completed,2017-07-20,2017-08-02,2017-07-21,2,7
825,83,Completed,2017-07-21,2017-07-26,,3,1
826,947,Completed,2017-07-22,2017-08-05,2017-07-31,2,4
827,899,Completed,2017-07-22,2017-08-01,2017-07-30,2,3
828,1299,Completed,2017-07-22,2017-08-01,2017-08-03,1,6
829,284,Completed,2017-07-22,2017-08-01,2017-08-02,2,9
830,980,Completed,2017-07-22,2017-08-01,2017-07-26,3,9
831,173,Completed,2017-07-23,2017-08-06,,3,7
832,1351,Shipped,2017-07-23,2017-08-03,,2,9
833,1087,Shipped,2017-07-23,2017-08-06,2017-07-25,1,8
834,1097,Pending,2017-07-23,2017-08-02,2017-07-24,2,5
835,763,Shipped,2017-07-25,2017-07-30,2017-07-26,3,9
836,1399,Processing,2017-07-26,2017-08-02,2017-07-27,3,7
837,633,Completed,2017-07-26,2017-08-01,2017-07-28,2,5
838,787,Completed,2017-07-26,2017-08-05,2017-07-28,2,8
839,943,Processing,2017-07-28,2017-08-09,2017-08-13,2,7
840,1012,Processing,2017-07-28,2017-08-04,2017-07-29,3,9
841,398,Pending,2017-07-28,2017-08-11,2017-08-07,3,10
842,1144,Processing,2017-07-29,2017-08-10,2017-07-30,3,1
843,934,Completed,2017-07-29,2017-08-10,2017-08-02,1,9
844,676,Processing,2017-07-30,2017-08-08,2017-07-31,3,7
845,936,Shipped,2017-07-31,2017-08-12,2017-08-04,3,1
846,465,Completed,2017-08-02,2017-08-12,2017-08-05,1,1
847,286,Processing,2017-08-02,2017-08-11,2017-08-03,1,5
848,265,Completed,2017-08-04,2017-08-17,2017-08-13,1,8
849,320,Pending,2017-08-04,2017-08-15,2017-08-05,1,9
850,673,Processing,2017-08-05,2017-08-17,2017-08-08,1,6
851,1400,Completed,2017-08-06,2017-08-11,2017-08-25,1,10
852,820,Pending,2017-08-06,2017-08-12,2017-08-09,2,8
853,89,Completed,2017-08-06,2017-08-18,2017-08-11,2,6
854,1227,Pending,2017-08-07,2017-08-20,2017-08-09,2,6
855,821,Completed,2017-08-07,2017-08-15,2017-08-17,2,4
856,1001,Processing,2017-08-09,2017-08-23,,3,5
857,334,Completed,2017-08-10,2017-08-24,2017-08-18,1,2
858,222,Pending,2017-08-10,2017-08-23,2017-08-17,3,3
859,41,Completed,2017-08-11,2017-08-19,,1,3
860,68,Shipped,2017-08-11,2017-08-25,2017-08-14,1,5
861,988,Shipped,2017-08-13,2017-08-27,2017-08-15,3,5
862,514,Cancelled,2017-08-13,2017-08-27,,2,6
863,1151,Processing,2017-08-13,2017-08-26,2017-08-14,3,5
864,1279,Processing,2017-08-14,2017-08-25,2017-08-16,3,6
865,695,Completed,2017-08-14,2017-08-20,2017-08-15,1,8
866,1040,Completed,2017-08-14,2017-08-27,2017-08-17,1,2
867,477,Completed,2017-08-15,2017-08-23,2017-08-16,1,4
868,1086,Processing,2017-08-15,2017-08-27,2017-08-16,2,6
869,881,Shipped,2017-08-16,2017-08-27,2017-08-17,3,5
870,432,Completed,2017-08-16,2017-08-27,2017-08-17,3,1
871,268,Shipped,2017-08-17,2017-08-29,2017-08-31,2,9
872,1059,Pending,2017-08-17,2017-08-22,2017-08-19,3,3
873,779,Pending,2017-08-17,2017-08-26,2017-08-18,3,2
874,494,Completed,2017-08-18,2017-08-24,2017-08-23,1,9
875,661,Completed,2017-08-19,2017-08-25,2017-09-02,2,7
876,1349,Completed,2017-08-20,2017-08-25,2017-08-25,1,5
877,1328,Pending,2017-08-21,2017-08-30,2017-08-24,2,6
878,1300,Completed,2017-08-21,2017-08-27,2017-08-24,1,4
879,1013,Completed,2017-08-22,2017-08-30,2017-08-28,3,1
880,1225,Shipped,2017-08-23,2017-08-30,2017-08-24,2,4
881,1348,Processing,2017-08-24,2017-08-31,,2,9
882,1059,Shipped,2017-08-24,2017-08-30,2017-08-27,1,1
883,977,Completed,2017-08-25,2017-09-04,2017-09-01,2,10
884,482,Completed,2017-08-26,2017-09-01,2017-09-09,3,3
885,728,Processing,2017-08-27,2017-09-08,2017-09-06,3,5
886,480,Completed,2017-08-27,2017-09-08,2017-08-30,3,7
887,1089,Completed,2017-08-29,2017-09-07,2017-09-07,1,9
888,1032,Completed,2017-08-29,2017-09-12,2017-08-31,2,6
889,1325,Completed,2017-08-30,2017-09-10,2017-09-03,1,3
890,343,Completed,2017-08-30,2017-09-07,2017-09-10,3,7
891,332,Completed,2017-08-31,2017-09-05,2017-09-05,2,4
892,438,Completed,2017-08-31,2017-09-06,,3,3
893,174,Completed,2017-09-01,2017-09-15,2017-09-02,2,7
894,559,Pending,2017-09-01,2017-09-15,,2,7
895,527,Completed,2017-09-03,2017-09-11,2017-09-05,1,4
896,659,Pending,2017-09-04,2017-09-09,2017-09-05,2,7
897,26,Completed,2017-09-04,2017-09-16,2017-09-05,3,2
898,820,Completed,2017-09-06,2017-09-19,2017-09-10,2,1
899,605,Pending,2017-09-06,2017-09-14,2017-09-07,3,2
900,406,Completed,2017-09-10,2017-09-24,,1,4
901,232,Completed,2017-09-10,2017-09-17,2017-09-11,3,8
902,533,Completed,2017-09-11,2017-09-17,2017-09-16,2,3
903,505,Shipped,2017-09-12,2017-09-21,,3,10
904,179,Completed,2017-09-12,2017-09-19,2017-09-15,3,6
905,132,Completed,2017-09-13,2017-09-27,2017-09-14,2,6
906,348,Pending,2017-09-13,2017-09-24,2017-09-24,3,9
907,540,Completed,2017-09-13,2017-09-23,2017-09-14,2,9
908,772,Completed,2017-09-14,2017-09-19,,1,4
909,1430,Completed,2017-09-16,2017-09-28,2017-09-20,3,9
910,76,Processing,2017-09-16,2017-09-22,2017-09-18,1,6
911,579,Completed,2017-09-16,2017-09-25,2017-09-21,3,2
912,854,Completed,2017-09-17,2017-09-30,2017-09-18,3,10
913,194,Completed,2017-09-17,2017-09-29,2017-09-19,1,6
914,1186,Processing,2017-09-19,2017-09-25,2017-09-20,3,2
915,347,Completed,2017-09-21,2017-10-04,2017-09-24,3,8
916,951,Cancelled,2017-09-22,2017-10-01,2017-09-23,1,4
917,1385,Completed,2017-09-23,2017-10-07,2017-09-24,3,5
918,1111,Cancelled,2017-09-23,2017-10-03,2017-09-24,2,8
919,1286,Shipped,2017-09-23,2017-09-30,2017-09-25,3,8
920,214,Completed,2017-09-25,2017-10-02,2017-09-28,3,6
921,573,Completed,2017-09-25,2017-10-09,2017-09-26,3,4
922,780,Completed,2017-09-25,2017-10-07,2017-09-30,1,1
923,262,Completed,2017-09-27,2017-10-11,2017-09-28,2,7
924,730,Processing,2017-09-27,2017-10-11,2017-09-28,2,8
925,283,Completed,2017-09-27,2017-10-03,2017-09-28,3,9
926,1404,Completed,2017-09-28,2017-10-04,2017-09-29,1,2
927,362,Completed,2017-09-29,2017-10-08,2017-09-30,1,1
928,441,Shipped,2017-09-29,2017-10-09,2017-10-04,2,4
929,93,Completed,2017-09-30,2017-10-06,,1,5
930,753,Completed,2017-09-30,2017-10-09,2017-10-05,3,10
931,867,Completed,2017-09-30,2017-10-11,2017-10-06,3,1
932,142,Shipped,2017-10-01,2017-10-15,2017-10-02,1,5
933,1315,Pending,2017-10-01,2017-10-15,2017-10-02,3,6
934,749,Completed,2017-10-02,2017-10-14,2017-10-04,2,3
935,653,Completed,2017-10-03,2017-10-14,2017-10-07,3,7
936,701,Completed,2017-10-03,2017-10-15,2017-11-06,1,6
937,998,Completed,2017-10-04,2017-10-17,2017-10-06,2,4
938,49,Shipped,2017-10-04,2017-10-13,2017-10-05,3,3
939,1326,Processing,2017-10-07,2017-10-16,2017-10-09,2,5
940,881,Completed,2017-10-08,2017-10-22,2017-10-10,1,3
941,1214,Shipped,2017-10-08,2017-10-16,2017-10-10,3,10
942,1160,Completed,2017-10-08,2017-10-21,2017-10-13,3,9
943,555,Processing,2017-10-09,2017-10-18,2017-10-11,2,9
944,404,Shipped,2017-10-09,2017-10-15,2017-10-10,3,6
945,892,Completed,2017-10-10,2017-10-24,2017-10-13,3,6
946,865,Processing,2017-10-10,2017-10-22,2017-10-13,3,4
947,602,Completed,2017-10-10,2017-10-21,2017-10-11,3,4
948,341,Completed,2017-10-11,2017-10-23,2017-10-13,1,2
949,704,Completed,2017-10-11,2017-10-18,2017-10-12,3,10
950,318,Completed,2017-10-11,2017-10-19,2017-10-14,2,4
951,618,Processing,2017-10-12,2017-10-21,2017-10-17,1,8
952,1387,Shipped,2017-10-12,2017-10-22,2017-10-28,2,10
953,382,Pending,2017-10-13,2017-10-18,2017-10-21,2,2
954,233,Shipped,2017-10-13,2017-10-21,2017-10-15,2,9
955,1368,Processing,2017-10-14,2017-10-28,2017-10-18,1,1
956,817,Completed,2017-10-14,2017-10-23,2017-10-15,1,2
957,553,Completed,2017-10-15,2017-10-26,,1,2
958,856,Completed,2017-10-16,2017-10-25,2017-10-17,3,6
959,819,Pending,2017-10-16,2017-10-21,2017-10-19,2,7
960,183,Shipped,2017-10-17,2017-10-28,2017-10-18,1,3
961,1065,Completed,2017-10-19,2017-10-31,2017-10-23,2,9
962,397,Processing,2017-10-19,2017-10-30,2017-10-21,1,5
963,779,Pending,2017-10-20,2017-10-28,2017-10-24,1,5
964,907,Completed,2017-10-20,2017-11-01,2017-10-29,1,4
965,1357,Completed,2017-10-22,2017-10-31,2017-10-23,2,9
966,127,Completed,2017-10-22,2017-11-05,2017-10-26,3,8
967,1,Completed,2017-10-25,2017-11-07,2017-10-26,1,4
968,1192,Completed,2017-10-25,2017-11-08,2017-11-01,1,4
969,19,Completed,2017-10-26,2017-11-04,,1,2
970,1356,Completed,2017-10-26,2017-10-31,2017-10-29,3,9
971,584,Completed,2017-10-26,2017-11-08,2017-11-01,2,3
972,456,Shipped,2017-10-27,2017-11-05,2017-10-31,2,4
973,957,Completed,2017-10-27,2017-11-06,2017-10-30,2,7
974,1133,Pending,2017-10-27,2017-11-04,2017-10-28,2,10
975,1292,Completed,2017-10-29,2017-11-08,,1,8
976,445,Completed,2017-10-30,2017-11-11,2017-10-31,3,8
977,1264,Shipped,2017-10-30,2017-11-06,2017-11-08,1,4
978,1325,Completed,2017-10-31,2017-11-09,2017-11-07,3,7
979,602,Completed,2017-10-31,2017-11-06,2017-11-02,2,10
980,103,Processing,2017-10-31,2017-11-06,2017-11-01,3,1
981,988,Completed,2017-10-31,2017-11-11,,1,6
982,1274,Completed,2017-11-02,2017-11-16,2017-11-24,1,6
983,520,Completed,2017-11-02,2017-11-16,2017-11-03,2,6
984,1177,Completed,2017-11-04,2017-11-18,2017-11-05,1,2
985,859,Completed,2017-11-05,2017-11-15,2017-11-11,1,8
986,174,Completed,2017-11-05,2017-11-13,2017-11-07,3,5
987,1367,Shipped,2017-11-06,2017-11-15,2017-11-09,1,5
988,1005,Processing,2017-11-06,2017-11-11,2017-11-08,2,2
989,431,Pending,2017-11-06,2017-11-17,2017-11-09,2,4
990,727,Pending,2017-11-07,2017-11-19,2017-11-15,1,9
991,850,Shipped,2017-11-07,2017-11-20,2017-11-12,2,9
992,1348,Completed,2017-11-07,2017-11-19,2017-11-13,3,6
993,990,Shipped,2017-11-07,2017-11-16,2017-11-18,3,9
994,639,Processing,2017-11-07,2017-11-14,2017-11-08,1,4
995,420,Processing,2017-11-08,2017-11-22,2017-11-09,1,1
996,594,Completed,2017-11-09,2017-11-22,2017-11-12,3,2
997,485,Completed,2017-11-09,2017-11-19,2017-11-15,2,1
998,412,Completed,2017-11-10,2017-11-19,,1,8
999,936,Processing,2017-11-10,2017-11-17,2017-11-14,1,9
1000,1108,Completed,2017-11-10,2017-11-20,2017-11-22,2,10
1001,1137,Processing,2017-11-12,2017-11-19,2017-11-17,1,6
1002,332,Completed,2017-11-13,2017-11-27,2017-11-14,2,2
1003,1402,Completed,2017-11-13,2017-11-23,2017-11-16,2,6
1004,655,Completed,2017-11-13,2017-11-21,2017-11-15,2,9
1005,41,Completed,2017-11-14,2017-11-20,2017-11-17,2,3
1006,959,Completed,2017-11-14,2017-11-26,,2,9
1007,105,Completed,2017-11-14,2017-11-22,2017-11-23,3,2
1008,202,Cancelled,2017-11-16,2017-11-29,2017-11-27,2,5
1009,450,Completed,2017-11-16,2017-11-27,2017-12-09,3,2
1010,1290,Completed,2017-11-16,2017-11-22,2017-11-17,2,7
1011,910,Pending,2017-11-18,2017-11-26,2017-11-19,1,10
1012,210,Shipped,2017-11-18,2017-11-27,2017-11-19,3,9
1013,563,Processing,2017-11-18,2017-11-25,2017-11-29,1,7
1014,1142,Completed,2017-11-18,2017-12-01,2017-11-23,2,5
1015,713,Shipped,2017-11-19,2017-11-28,2017-11-23,2,4
1016,1401,Processing,2017-11-20,2017-11-26,2017-11-21,1,4
1017,771,Completed,2017-11-22,2017-11-29,2017-11-23,2,10
1018,1108,Completed,2017-11-22,2017-12-05,2017-11-24,1,8
1019,454,Completed,2017-11-22,2017-12-03,2017-11-24,2,10
1020,667,Completed,2017-11-22,2017-11-28,2017-11-28,2,10
1021,629,Processing,2017-11-23,2017-12-06,2017-11-25,3,10
1022,387,Completed,2017-11-23,2017-12-01,2017-11-27,1,10
1023,1374,Shipped,2017-11-23,2017-12-06,2017-11-28,2,10
1024,296,Completed,2017-11-24,2017-11-30,2017-11-29,1,1
1025,258,Completed,2017-11-24,2017-12-08,2017-11-26,3,5
1026,1105,Completed,2017-11-24,2017-12-02,2017-11-30,1,2
1027,268,Completed,2017-11-24,2017-12-03,2017-11-28,3,9
1028,419,Processing,2017-11-24,2017-11-30,2017-12-14,1,7
1029,235,Processing,2017-11-24,2017-12-08,2017-11-25,1,10
1030,1335,Completed,2017-11-25,2017-11-30,2017-11-29,3,8
1031,986,Completed,2017-11-26,2017-12-07,,2,6
1032,1381,Completed,2017-11-27,2017-12-11,,2,9
1033,1237,Pending,2017-11-27,2017-12-02,2017-11-29,2,6
1034,574,Completed,2017-11-28,2017-12-10,2017-11-29,1,7
1035,49,Completed,2017-11-29,2017-12-06,2017-12-04,1,7
1036,1151,Pending,2017-11-30,2017-12-14,2017-12-01,2,9
1037,223,Shipped,2017-11-30,2017-12-10,2017-12-04,1,8
1038,921,Completed,2017-12-02,2017-12-13,,1,1
1039,1303,Completed,2017-12-03,2017-12-17,2017-12-04,2,4
1040,1432,Pending,2017-12-03,2017-12-08,2017-12-09,3,7
1041,1318,Pending,2017-12-04,2017-12-14,2017-12-10,1,8
1042,277,Completed,2017-12-04,2017-12-15,2017-12-07,1,7
1043,1131,Shipped,2017-12-05,2017-12-15,2017-12-06,1,3
1044,420,Processing,2017-12-05,2017-12-13,2017-12-12,1,4
1045,611,Completed,2017-12-06,2017-12-11,2017-12-08,3,7
1046,375,Completed,2017-12-07,2017-12-20,2017-12-12,2,8
1047,73,Completed,2017-12-07,2017-12-15,2017-12-17,1,7
1048,1054,Processing,2017-12-08,2017-12-19,2017-12-15,2,6
1049,1212,Completed,2017-12-09,2017-12-20,2017-12-19,1,9
1050,1388,Pending,2017-12-11,2017-12-17,2017-12-14,3,9
1051,195,Pending,2017-12-12,2017-12-17,2017-12-18,2,7
1052,1180,Completed,2017-12-12,2017-12-24,2017-12-13,3,8
1053,1196,Pending,2017-12-12,2017-12-24,,1,6
1054,847,Shipped,2017-12-13,2017-12-24,2017-12-16,3,1
1055,1065,Completed,2017-12-13,2017-12-25,2017-12-16,3,1
1056,1087,Completed,2017-12-14,2017-12-21,,1,6
1057,23,Completed,2017-12-14,2017-12-20,2017-12-20,1,2
1058,360,Shipped,2017-12-14,2017-12-25,2017-12-15,2,8
1059,1099,Cancelled,2017-12-14,2017-12-26,2017-12-15,1,1
1060,560,Completed,2017-12-15,2017-12-20,2017-12-16,2,2
1061,672,Processing,2017-12-17,2017-12-31,2017-12-30,3,8
1062,1142,Completed,2017-12-18,2017-12-31,2017-12-20,3,6
1063,1404,Completed,2017-12-20,2017-12-28,2017-12-22,2,10
1064,679,Completed,2017-12-21,2017-12-29,2018-01-18,1,2
1065,1314,Completed,2017-12-21,2017-12-28,2017-12-26,1,2
1066,440,Completed,2017-12-22,2018-01-01,2017-12-23,3,7
1067,933,Completed,2017-12-22,2017-12-27,,2,5
1068,7,Completed,2017-12-22,2018-01-01,2017-12-29,3,5
1069,1220,Shipped,2017-12-22,2017-12-28,2017-12-31,3,8
1070,421,Completed,2017-12-22,2018-01-04,,1,7
1071,833,Completed,2017-12-22,2017-12-28,2017-12-23,2,9
1072,1217,Completed,2017-12-23,2018-01-03,2017-12-24,3,4
1073,559,Processing,2017-12-23,2017-12-28,2017-12-24,1,10
1074,1172,Completed,2017-12-26,2018-01-06,2017-12-28,3,4
1075,1226,Completed,2017-12-27,2018-01-05,2017-12-31,3,2
1076,914,Cancelled,2017-12-27,2018-01-08,2017-12-28,1,3
1077,1443,Completed,2017-12-27,2018-01-04,2018-01-07,1,1
1078,1007,Completed,2017-12-27,2018-01-10,2017-12-28,2,1
1079,126,Processing,2017-12-29,2018-01-09,2018-01-11,3,7
1080,395,Completed,2017-12-29,2018-01-08,2018-01-01,2,5
1081,817,Completed,2017-12-31,2018-01-09,2018-01-01,1,3
1082,881,Completed,2017-12-31,2018-01-08,2018-01-01,1,7
1083,576,Completed,2017-12-31,2018-01-11,2018-01-12,3,2
1084,325,Completed,2018-01-01,2018-01-10,2018-01-06,2,3
1085,1416,Completed,2018-01-01,2018-01-10,,2,1
1086,930,Completed,2018-01-01,2018-01-06,2018-01-02,3,8
1087,1228,Completed,2018-01-02,2018-01-08,2018-01-03,3,2
1088,833,Processing,2018-01-05,2018-01-14,2018-01-09,2,7
1089,1055,Completed,2018-01-05,2018-01-12,2018-01-11,1,9
1090,1412,Completed,2018-01-05,2018-01-11,2018-01-10,1,6
1091,837,Shipped,2018-01-05,2018-01-13,2018-01-10,3,2
1092,926,Pending,2018-01-06,2018-01-14,2018-01-08,2,2
1093,1400,Completed,2018-01-06,2018-01-14,2018-01-12,2,9
1094,1368,Shipped,2018-01-07,2018-01-15,2018-01-17,2,10
1095,443,Completed,2018-01-10,2018-01-17,2018-01-11,1,8
1096,75,Completed,2018-01-11,2018-01-22,2018-01-12,1,9
1097,557,Processing,2018-01-12,2018-01-25,2018-01-18,2,4
1098,1179,Completed,2018-01-13,2018-01-22,2018-01-17,2,4
1099,363,Completed,2018-01-14,2018-01-22,2018-01-16,3,2
1100,448,Completed,2018-01-14,2018-01-20,2018-01-20,3,10
1101,1258,Completed,2018-01-14,2018-01-20,2018-01-20,2,1
1102,262,Completed,2018-01-15,2018-01-24,2018-01-16,2,10
1103,125,Shipped,2018-01-15,2018-01-26,2018-01-16,1,4
1104,911,Completed,2018-01-16,2018-01-30,2018-01-24,2,10
1105,245,Shipped,2018-01-17,2018-01-31,2018-01-20,3,10
1106,542,Completed,2018-01-18,2018-01-31,2018-01-19,1,8
1107,485,Processing,2018-01-18,2018-01-29,2018-01-19,3,2
1108,122,Processing,2018-01-18,2018-01-27,2018-01-21,3,8
1109,125,Pending,2018-01-19,2018-02-02,2018-01-31,1,1
1110,170,Completed,2018-01-19,2018-02-02,,3,1
1111,124,Completed,2018-01-20,2018-02-03,2018-01-23,2,4
1112,1059,Completed,2018-01-23,2018-02-02,2018-01-25,3,7
1113,1111,Shipped,2018-01-23,2018-01-30,2018-01-29,1,9
1114,646,Processing,2018-01-24,2018-02-02,,1,5
1115,786,Completed,2018-01-25,2018-02-06,2018-01-26,1,2
1116,201,Completed,2018-01-25,2018-01-30,2018-01-26,3,7
1117,369,Completed,2018-01-26,2018-01-31,,2,2
1118,797,Pending,2018-01-27,2018-02-07,2018-02-17,1,9
1119,77,Completed,2018-01-28,2018-02-06,2018-01-29,2,9
1120,59,Processing,2018-01-28,2018-02-06,2018-02-03,1,3
1121,431,Cancelled,2018-01-28,2018-02-02,2018-01-29,2,8
1122,638,Completed,2018-01-29,2018-02-11,,2,4
1123,109,Completed,2018-01-29,2018-02-03,2018-01-30,2,3
1124,1008,Completed,2018-01-30,2018-02-08,2018-02-01,1,1
1125,1302,Completed,2018-01-31,2018-02-14,2018-02-03,3,5
1126,68,Completed,2018-01-31,2018-02-13,2018-02-14,3,4
1127,1093,Completed,2018-01-31,2018-02-08,2018-02-04,3,1
1128,1189,Shipped,2018-01-31,2018-02-12,2018-02-02,2,10
1129,305,Completed,2018-02-01,2018-02-11,2018-02-07,1,8
1130,674,Completed,2018-02-01,2018-02-08,2018-02-10,2,8
1131,365,Shipped,2018-02-01,2018-02-09,2018-02-03,1,8
1132,821,Processing,2018-02-01,2018-02-07,2018-02-02,2,3
1133,1403,Completed,2018-02-01,2018-02-06,2018-02-03,1,6
1134,343,Completed,2018-02-01,2018-02-13,2018-02-11,1,7
1135,947,Completed,2018-02-02,2018-02-07,2018-02-05,1,9
1136,899,Processing,2018-02-02,2018-02-07,2018-02-07,2,5
1137,1378,Processing,2018-02-02,2018-02-10,2018-02-12,3,9
1138,1440,Pending,2018-02-03,2018-02-17,2018-02-05,2,6
1139,1133,Completed,2018-02-06,2018-02-20,,2,10
1140,762,Processing,2018-02-07,2018-02-17,2018-02-15,1,10
1141,341,Completed,2018-02-08,2018-02-21,2018-02-16,1,10
1142,942,Completed,2018-02-08,2018-02-13,2018-02-09,3,4
1143,383,Completed,2018-02-08,2018-02-19,,3,1
1144,1004,Completed,2018-02-09,2018-02-23,2018-02-14,1,1
1145,300,Completed,2018-02-09,2018-02-18,2018-02-10,3,10
1146,139,Processing,2018-02-10,2018-02-22,2018-02-12,3,5
1147,359,Shipped,2018-02-11,2018-02-22,2018-02-12,1,3
1148,836,Completed,2018-02-12,2018-02-20,2018-02-13,2,5
1149,1409,Completed,2018-02-12,2018-02-20,,3,5
1150,1304,Completed,2018-02-12,2018-02-22,2018-02-13,1,1
1151,483,Completed,2018-02-13,2018-02-23,2018-02-14,3,8
1152,909,Completed,2018-02-13,2018-02-26,2018-02-14,3,5
1153,1135,Shipped,2018-02-14,2018-02-23,2018-02-16,1,5
1154,866,Completed,2018-02-14,2018-02-26,,3,9
1155,139,Completed,2018-02-14,2018-02-23,2018-02-15,3,8
1156,996,Completed,2018-02-15,2018-02-21,2018-02-26,3,1
1157,435,Shipped,2018-02-15,2018-02-25,2018-02-18,2,3
1158,509,Processing,2018-02-18,2018-03-03,2018-02-20,2,7
1159,273,Shipped,2018-02-20,2018-02-27,2018-02-21,3,1
1160,1123,Processing,2018-02-20,2018-02-25,,1,1
1161,104,Completed,2018-02-20,2018-02-25,2018-02-23,3,5
1162,1238,Completed,2018-02-21,2018-02-28,2018-02-22,3,9
1163,762,Pending,2018-02-22,2018-03-08,2018-02-23,2,6
1164,787,Completed,2018-02-22,2018-03-03,2018-02-23,2,10
1165,165,Completed,2018-02-23,2018-03-02,2018-02-24,2,2
1166,999,Completed,2018-02-24,2018-03-09,2018-03-04,3,9
1167,520,Completed,2018-02-25,2018-03-09,2018-02-28,3,6
1168,1308,Completed,2018-02-26,2018-03-05,2018-03-04,1,5
1169,517,Completed,2018-02-26,2018-03-11,2018-02-27,3,5
1170,657,Processing,2018-02-27,2018-03-09,2018-03-03,3,3
1171,613,Completed,2018-03-01,2018-03-12,2018-03-02,2,6
1172,164,Completed,2018-03-01,2018-03-09,2018-03-02,2,4
1173,64,Completed,2018-03-02,2018-03-10,2018-03-03,2,10
1174,1115,Completed,2018-03-03,2018-03-09,2018-03-05,2,2
1175,1141,Completed,2018-03-04,2018-03-13,2018-03-14,2,3
1176,267,Completed,2018-03-04,2018-03-16,2018-03-07,1,9
1177,1164,Completed,2018-03-05,2018-03-16,,1,9
1178,246,Completed,2018-03-05,2018-03-16,,1,6
1179,395,Completed,2018-03-05,2018-03-15,2018-03-10,2,10
1180,476,Completed,2018-03-06,2018-03-13,2018-03-07,2,10
1181,977,Completed,2018-03-07,2018-03-16,2018-03-12,2,9
1182,1208,Completed,2018-03-08,2018-03-13,2018-03-09,1,4
1183,1044,Completed,2018-03-08,2018-03-19,,2,5
1184,558,Pending,2018-03-09,2018-03-22,2018-03-10,1,10
1185,1018,Completed,2018-03-09,2018-03-14,2018-03-18,2,6
1186,883,Completed,2018-03-11,2018-03-17,2018-03-12,3,9
1187,147,Completed,2018-03-12,2018-03-19,2018-03-19,1,5
1188,666,Pending,2018-03-12,2018-03-19,2018-03-14,3,8
1189,1328,Shipped,2018-03-12,2018-03-24,2018-03-13,1,1
1190,620,Processing,2018-03-13,2018-03-24,2018-03-17,2,5
1191,820,Processing,2018-03-13,2018-03-23,2018-03-16,2,10
1192,864,Completed,2018-03-15,2018-03-29,2018-03-20,3,1
1193,582,Pending,2018-03-17,2018-03-31,2018-03-18,2,10
1194,1023,Completed,2018-03-17,2018-03-25,2018-03-18,1,6
1195,695,Completed,2018-03-17,2018-03-30,2018-03-23,2,7
1196,1252,Completed,2018-03-18,2018-03-23,2018-03-19,2,5
1197,1126,Completed,2018-03-18,2018-03-24,2018-03-19,1,1
1198,1441,Shipped,2018-03-18,2018-03-26,2018-03-19,3,6
1199,1240,Completed,2018-03-19,2018-03-26,2018-03-22,3,10
1200,407,Processing,2018-03-19,2018-03-24,2018-03-27,2,5
1201,399,Completed,2018-03-22,2018-03-31,2018-03-23,1,6
1202,715,Completed,2018-03-22,2018-04-02,2018-03-23,3,10
1203,704,Completed,2018-03-24,2018-03-30,2018-03-27,3,7
1204,761,Completed,2018-03-25,2018-04-03,2018-03-26,2,7
1205,499,Processing,2018-03-25,2018-04-04,2018-03-26,1,2
1206,974,Completed,2018-03-27,2018-04-07,2018-04-07,3,3
1207,82,Completed,2018-03-27,2018-04-01,2018-04-01,2,6
1208,604,Processing,2018-03-28,2018-04-08,2018-04-08,2,3
1209,772,Completed,2018-03-29,2018-04-06,2018-03-30,2,2
1210,903,Cancelled,2018-03-29,2018-04-10,2018-04-05,2,4
1211,365,Completed,2018-03-30,2018-04-07,2018-04-05,3,5
1212,163,Completed,2018-03-31,2018-04-10,2018-04-01,1,10
1213,1072,Completed,2018-04-01,2018-04-14,2018-04-02,2,9
1214,511,Completed,2018-04-01,2018-04-10,2018-04-08,2,3
1215,1353,Completed,2018-04-02,2018-04-10,2018-04-05,3,3
1216,116,Pending,2018-04-03,2018-04-15,2018-04-12,2,6
1217,941,Shipped,2018-04-04,2018-04-17,2018-04-05,2,5
1218,337,Processing,2018-04-04,2018-04-12,2018-04-05,1,6
1219,881,Completed,2018-04-06,2018-04-13,2018-04-07,2,7
1220,737,Completed,2018-04-06,2018-04-18,2018-04-09,3,3
1221,840,Completed,2018-04-07,2018-04-16,2018-04-08,1,5
1222,147,Completed,2018-04-09,2018-04-15,2018-04-14,3,8
1223,1347,Pending,2018-04-10,2018-04-24,,1,4
1224,443,Completed,2018-04-10,2018-04-23,2018-04-14,1,10
1225,837,Completed,2018-04-12,2018-04-19,2018-04-19,2,2
1226,1037,Completed,2018-04-13,2018-04-19,2018-04-18,2,4
1227,943,Cancelled,2018-04-13,2018-04-18,,2,2
1228,287,Completed,2018-04-13,2018-04-25,2018-04-15,3,3
1229,720,Completed,2018-04-13,2018-04-20,2018-04-14,2,4
1230,1138,Completed,2018-04-13,2018-04-24,2018-04-20,2,4
1231,480,Completed,2018-04-14,2018-04-19,2018-04-18,1,10
1232,22,Completed,2018-04-14,2018-04-19,2018-04-25,2,9
1233,1373,Completed,2018-04-16,2018-04-29,2018-04-25,2,10
1234,683,Processing,2018-04-17,2018-04-29,2018-04-19,2,6
1235,906,Completed,2018-04-20,2018-04-27,2018-04-22,2,9
1236,320,Pending,2018-04-21,2018-05-01,2018-04-22,1,4
1237,126,Cancelled,2018-04-22,2018-04-29,2018-04-30,2,9
1238,277,Processing,2018-04-22,2018-04-30,2018-04-27,1,9
1239,1228,Completed,2018-04-23,2018-04-28,2018-04-24,3,6
1240,194,Completed,2018-04-23,2018-05-02,2018-04-24,2,5
1241,696,Pending,2018-04-24,2018-04-29,2018-05-03,2,3
1242,1310,Pending,2018-04-24,2018-04-29,2018-05-12,2,5
1243,57,Completed,2018-04-24,2018-05-08,2018-04-25,1,3
1244,1327,Pending,2018-04-24,2018-05-05,,2,5
1245,1187,Completed,2018-04-25,2018-05-05,2018-04-27,2,5
1246,19,Completed,2018-04-25,2018-05-01,2018-05-01,3,2
1247,1394,Completed,2018-04-26,2018-05-02,,1,9
1248,264,Completed,2018-04-28,2018-05-09,2018-04-29,1,7
1249,794,Completed,2018-04-29,2018-05-04,2018-04-30,3,6
1250,113,Pending,2018-04-30,2018-05-06,2018-05-05,1,5
1251,1351,Completed,2018-04-30,2018-05-12,2018-05-02,2,4
1252,542,Completed,2018-04-30,2018-05-10,2018-05-01,2,8
1253,647,Completed,2018-05-03,2018-05-09,2018-05-07,3,2
1254,579,Completed,2018-05-03,2018-05-14,2018-05-04,1,8
1255,1089,Completed,2018-05-03,2018-05-11,2018-05-04,1,1
1256,1316,Pending,2018-05-03,2018-05-09,2018-05-04,1,10
1257,25,Processing,2018-05-04,2018-05-14,2018-05-06,3,1
1258,1,Processing,2018-05-06,2018-05-19,2018-05-10,2,3
1259,911,Pending,2018-05-08,2018-05-21,2018-05-10,3,5
1260,141,Completed,2018-05-09,2018-05-21,2018-05-14,2,6
1261,648,Completed,2018-05-11,2018-05-18,2018-05-12,3,4
1262,188,Completed,2018-05-13,2018-05-20,2018-05-17,2,7
1263,1152,Completed,2018-05-14,2018-05-20,2018-05-17,1,7
1264,201,Cancelled,2018-05-14,2018-05-23,2018-05-15,1,2
1265,1151,Completed,2018-05-14,2018-05-22,2018-05-15,1,2
1266,257,Completed,2018-05-15,2018-05-26,2018-05-20,3,2
1267,547,Shipped,2018-05-16,2018-05-24,2018-05-22,3,2
1268,194,Shipped,2018-05-19,2018-06-01,,3,9
1269,703,Processing,2018-05-20,2018-05-26,2018-05-29,1,5
1270,1128,Completed,2018-05-20,2018-05-30,2018-05-24,2,8
1271,1289,Completed,2018-05-20,2018-05-31,2018-05-23,1,5
1272,802,Completed,2018-05-20,2018-05-28,2018-05-21,1,5
1273,942,Completed,2018-05-21,2018-05-31,2018-05-23,2,1
1274,1408,Completed,2018-05-22,2018-06-02,2018-05-30,2,6
1275,1284,Completed,2018-05-23,2018-05-31,2018-05-25,2,4
1276,414,Shipped,2018-05-23,2018-06-04,,2,3
1277,1382,Completed,2018-05-23,2018-06-05,2018-05-27,1,6
1278,1099,Pending,2018-05-23,2018-05-28,2018-05-26,3,2
1279,1379,Pending,2018-05-24,2018-06-04,2018-05-31,1,8
1280,910,Completed,2018-05-24,2018-06-06,2018-05-25,2,1
1281,188,Pending,2018-05-25,2018-06-08,2018-05-30,3,9
1282,1314,Completed,2018-05-25,2018-06-03,2018-05-26,3,8
1283,45,Completed,2018-05-25,2018-05-31,2018-05-26,1,1
1284,83,Processing,2018-05-25,2018-06-08,2018-05-28,1,10
1285,1147,Completed,2018-05-26,2018-06-05,2018-05-30,1,9
1286,358,Cancelled,2018-05-26,2018-06-06,2018-05-31,3,2
1287,1090,Completed,2018-05-27,2018-06-02,2018-05-28,3,3
1288,936,Completed,2018-05-28,2018-06-03,2018-06-10,3,2
1289,375,Completed,2018-05-29,2018-06-12,2018-05-30,2,8
1290,162,Completed,2018-05-29,2018-06-12,2018-06-02,2,2
1291,1404,Completed,2018-05-29,2018-06-03,2018-05-31,1,10
1292,1382,Pending,2018-05-30,2018-06-07,2018-05-31,3,2
1293,1212,Processing,2018-06-01,2018-06-12,2018-06-17,1,1
1294,322,Processing,2018-06-01,2018-06-14,2018-06-02,3,7
1295,450,Completed,2018-06-01,2018-06-08,2018-06-07,1,2
1296,1037,Processing,2018-06-02,2018-06-13,2018-06-04,2,10
1297,184,Pending,2018-06-02,2018-06-13,2018-06-03,3,5
1298,111,Processing,2018-06-03,2018-06-14,2018-06-15,2,5
1299,508,Completed,2018-06-03,2018-06-09,2018-06-04,3,3
1300,1314,Pending,2018-06-03,2018-06-13,2018-06-11,1,3
1301,295,Processing,2018-06-04,2018-06-10,2018-06-18,3,3
1302,904,Completed,2018-06-05,2018-06-15,2018-06-06,2,6
1303,1239,Processing,2018-06-05,2018-06-19,2018-06-07,3,4
1304,974,Completed,2018-06-05,2018-06-12,2018-06-12,1,3
1305,632,Completed,2018-06-06,2018-06-12,2018-06-07,3,2
1306,1051,Completed,2018-06-06,2018-06-16,2018-06-09,2,3
1307,733,Completed,2018-06-09,2018-06-15,2018-06-11,1,4
1308,1255,Completed,2018-06-09,2018-06-18,,2,6
1309,321,Processing,2018-06-09,2018-06-15,2018-06-11,3,4
1310,913,Completed,2018-06-10,2018-06-17,2018-06-18,2,8
1311,1257,Processing,2018-06-10,2018-06-17,2018-06-13,3,3
1312,437,Shipped,2018-06-10,2018-06-20,2018-06-15,1,3
1313,781,Completed,2018-06-11,2018-06-21,2018-06-12,2,3
1314,1427,Shipped,2018-06-11,2018-06-25,2018-06-12,2,8
1315,1077,Cancelled,2018-06-12,2018-06-19,,3,4
1316,1337,Processing,2018-06-13,2018-06-20,,2,1
1317,1305,Processing,2018-06-13,2018-06-18,2018-06-14,2,2
1318,726,Cancelled,2018-06-13,2018-06-24,2018-06-14,1,10
1319,31,Pending,2018-06-13,2018-06-25,2018-06-14,3,2
1320,337,Completed,2018-06-14,2018-06-20,2018-06-17,3,3
1321,183,Processing,2018-06-14,2018-06-22,2018-06-24,1,6
1322,1047,Pending,2018-06-14,2018-06-28,2018-06-16,1,8
1323,544,Completed,2018-06-14,2018-06-25,2018-06-16,3,1
1324,1098,Completed,2018-06-15,2018-06-27,2018-06-20,1,9
1325,1034,Processing,2018-06-16,2018-06-21,2018-06-20,1,1
1326,660,Completed,2018-06-18,2018-06-26,,1,10
1327,160,Shipped,2018-06-18,2018-06-28,2018-06-20,3,2
1328,1038,Completed,2018-06-19,2018-06-26,2018-06-21,1,3
1329,1202,Completed,2018-06-19,2018-06-28,2018-06-20,2,7
1330,412,Completed,2018-06-19,2018-07-03,2018-06-20,2,9
1331,1012,Completed,2018-06-22,2018-07-05,2018-06-23,3,3
1332,53,Pending,2018-06-23,2018-06-30,2018-06-30,1,8
1333,408,Shipped,2018-06-23,2018-07-02,,2,9
1334,847,Processing,2018-06-26,2018-07-08,2018-06-28,3,10
1335,1046,Completed,2018-06-26,2018-07-06,2018-06-30,2,7
1336,1054,Completed,2018-06-26,2018-07-04,2018-06-27,1,4
1337,703,Processing,2018-06-27,2018-07-09,2018-07-07,3,4
1338,260,Shipped,2018-06-28,2018-07-05,2018-06-29,2,4
1339,1229,Completed,2018-06-28,2018-07-05,2018-06-30,3,6
1340,1083,Completed,2018-06-30,2018-07-08,2018-07-02,2,4
1341,776,Completed,2018-06-30,2018-07-13,2018-07-04,2,5
1342,1036,Shipped,2018-07-03,2018-07-12,2018-07-04,1,9
1343,1314,Pending,2018-07-03,2018-07-15,2018-07-10,1,7
1344,850,Completed,2018-07-04,2018-07-14,2018-07-05,2,8
1345,354,Completed,2018-07-05,2018-07-12,2018-07-11,3,5
1346,1099,Shipped,2018-07-06,2018-07-18,2018-07-10,3,5
1347,873,Completed,2018-07-06,2018-07-19,2018-07-12,1,7
1348,991,Completed,2018-07-07,2018-07-19,2018-07-08,2,8
1349,1265,Completed,2018-07-08,2018-07-16,2018-07-10,1,9
1350,1018,Completed,2018-07-10,2018-07-20,2018-07-11,2,2
1351,1178,Completed,2018-07-11,2018-07-16,2018-07-23,2,3
1352,1120,Processing,2018-07-13,2018-07-21,2018-07-25,1,2
1353,294,Shipped,2018-07-13,2018-07-25,2018-07-14,3,10
1354,209,Processing,2018-07-14,2018-07-19,2018-07-16,1,7
1355,1367,Shipped,2018-07-14,2018-07-21,2018-07-15,2,2
1356,1112,Completed,2018-07-15,2018-07-20,2018-07-19,1,2
1357,818,Processing,2018-07-18,2018-07-31,2018-07-19,3,2
1358,390,Completed,2018-07-18,2018-07-24,2018-07-25,3,4
1359,325,Pending,2018-07-19,2018-08-01,,2,1
1360,940,Cancelled,2018-07-20,2018-07-28,2018-07-21,1,2
1361,889,Completed,2018-07-20,2018-07-26,2018-07-22,3,3
1362,1181,Completed,2018-07-21,2018-07-29,2018-07-26,1,7
1363,668,Completed,2018-07-22,2018-08-05,2018-07-23,3,10
1364,633,Completed,2018-07-23,2018-08-02,,2,1
1365,577,Completed,2018-07-24,2018-08-04,2018-07-27,2,6
1366,137,Processing,2018-07-25,2018-08-01,2018-07-28,1,3
1367,428,Cancelled,2018-07-25,2018-08-01,2018-07-27,2,3
1368,612,Completed,2018-07-26,2018-08-09,,3,4
1369,911,Completed,2018-07-28,2018-08-09,2018-08-15,2,4
1370,819,Completed,2018-07-30,2018-08-08,2018-07-31,3,7
1371,141,Shipped,2018-07-31,2018-08-08,2018-08-09,3,3
1372,1107,Completed,2018-08-01,2018-08-12,2018-08-02,2,8
1373,177,Completed,2018-08-01,2018-08-12,,3,8
1374,198,Completed,2018-08-02,2018-08-15,2018-08-19,3,7
1375,624,Completed,2018-08-02,2018-08-15,2018-08-03,1,2
1376,691,Completed,2018-08-02,2018-08-11,2018-08-09,1,5
1377,1445,Shipped,2018-08-03,2018-08-15,2018-08-07,1,6
1378,401,Completed,2018-08-03,2018-08-17,2018-08-04,2,10
1379,471,Pending,2018-08-04,2018-08-09,2018-08-11,1,4
1380,218,Completed,2018-08-04,2018-08-17,2018-08-10,3,10
1381,929,Processing,2018-08-05,2018-08-17,2018-08-06,2,5
1382,632,Pending,2018-08-06,2018-08-16,2018-08-07,2,9
1383,951,Completed,2018-08-06,2018-08-13,2018-08-08,2,7
1384,906,Completed,2018-08-07,2018-08-14,2018-08-10,2,2
1385,175,Completed,2018-08-07,2018-08-19,2018-08-08,3,1
1386,23,Processing,2018-08-07,2018-08-16,2018-08-09,3,2
1387,235,Completed,2018-08-08,2018-08-22,2018-08-18,1,3
1388,1037,Cancelled,2018-08-08,2018-08-19,2018-08-17,2,2
1389,1125,Completed,2018-08-08,2018-08-17,2018-08-09,1,3
1390,929,Processing,2018-08-08,2018-08-20,2018-08-09,3,10
1391,523,Pending,2018-08-08,2018-08-22,2018-08-09,2,9
1392,431,Processing,2018-08-09,2018-08-23,2018-08-10,3,4
1393,793,Completed,2018-08-09,2018-08-17,2018-08-18,1,9
1394,533,Completed,2018-08-09,2018-08-15,2018-08-15,3,3
1395,979,Processing,2018-08-10,2018-08-17,2018-08-18,2,1
1396,1317,Completed,2018-08-10,2018-08-22,2018-08-17,2,5
1397,810,Completed,2018-08-11,2018-08-22,2018-08-25,1,10
1398,913,Completed,2018-08-11,2018-08-17,2018-08-14,2,10
1399,1125,Completed,2018-08-11,2018-08-21,2018-08-19,3,2
1400,1328,Completed,2018-08-12,2018-08-25,2018-08-13,3,4
1401,871,Completed,2018-08-12,2018-08-20,2018-08-29,3,2
1402,540,Completed,2018-08-12,2018-08-25,2018-08-20,3,2
1403,1024,Processing,2018-08-12,2018-08-18,,1,3
1404,1379,Pending,2018-08-12,2018-08-18,2018-08-17,3,5
1405,1327,Processing,2018-08-13,2018-08-26,2018-08-14,1,4
1406,227,Cancelled,2018-08-14,2018-08-25,2018-08-17,3,2
1407,1260,Completed,2018-08-14,2018-08-25,2018-08-15,1,10
1408,873,Completed,2018-08-14,2018-08-19,2018-08-17,3,2
1409,892,Completed,2018-08-14,2018-08-24,,3,6
1410,1037,Completed,2018-08-15,2018-08-26,2018-08-23,1,7
1411,210,Shipped,2018-08-17,2018-08-27,2018-08-18,2,10
1412,741,Completed,2018-08-18,2018-08-28,2018-08-21,2,6
1413,397,Completed,2018-08-18,2018-08-24,2018-08-20,2,7
1414,1124,Completed,2018-08-18,2018-08-28,2018-08-22,1,1
1415,31,Completed,2018-08-18,2018-08-26,2018-08-19,2,6
1416,898,Pending,2018-08-18,2018-08-31,2018-08-20,2,3
1417,649,Completed,2018-08-18,2018-08-23,2018-08-22,1,1
1418,329,Cancelled,2018-08-19,2018-08-31,2018-08-20,2,8
1419,1190,Completed,2018-08-20,2018-08-29,2018-08-24,2,4
1420,952,Completed,2018-08-20,2018-08-25,2018-08-23,2,10
1421,1124,Shipped,2018-08-21,2018-08-29,2018-08-26,1,8
1422,621,Completed,2018-08-22,2018-08-27,2018-08-23,1,10
1423,1197,Shipped,2018-08-25,2018-09-04,2018-09-12,2,4
1424,162,Cancelled,2018-08-26,2018-09-01,2018-08-30,2,4
1425,776,Processing,2018-08-28,2018-09-06,,1,10
1426,1287,Processing,2018-08-29,2018-09-09,2018-08-30,2,4
1427,274,Completed,2018-08-29,2018-09-04,2018-09-04,1,6
1428,1027,Shipped,2018-08-30,2018-09-09,2018-09-05,2,9
1429,1052,Completed,2018-08-31,2018-09-10,2018-09-02,1,5
1430,326,Processing,2018-09-01,2018-09-10,2018-09-16,3,10
1431,940,Shipped,2018-09-01,2018-09-10,2018-09-14,3,8
1432,1173,Cancelled,2018-09-02,2018-09-09,2018-09-05,1,8
1433,540,Processing,2018-09-02,2018-09-16,2018-09-03,3,4
1434,488,Completed,2018-09-03,2018-09-17,,2,10
1435,822,Cancelled,2018-09-04,2018-09-10,2018-09-07,1,9
1436,1089,Pending,2018-09-04,2018-09-15,2018-09-06,1,9
1437,356,Shipped,2018-09-05,2018-09-10,2018-09-07,2,5
1438,1276,Pending,2018-09-06,2018-09-16,2018-09-07,2,6
1439,235,Completed,2018-09-06,2018-09-16,,1,5
1440,227,Completed,2018-09-06,2018-09-13,2018-09-10,2,3
1441,1337,Completed,2018-09-06,2018-09-12,2018-09-07,1,8
1442,49,Processing,2018-09-06,2018-09-12,2018-09-07,2,9
1443,118,Completed,2018-09-07,2018-09-20,2018-09-08,1,4
1444,54,Completed,2018-09-07,2018-09-16,2018-09-08,2,9
1445,565,Completed,2018-09-08,2018-09-19,2018-09-29,2,9
1446,1068,Processing,2018-09-08,2018-09-17,2018-09-09,3,7
1447,53,Completed,2018-09-08,2018-09-19,2018-09-12,3,8
1448,558,Completed,2018-09-08,2018-09-16,,3,3
1449,1126,Completed,2018-09-09,2018-09-21,2018-09-25,2,5
1450,868,Completed,2018-09-09,2018-09-23,2018-09-11,1,3
1451,398,Completed,2018-09-10,2018-09-24,,2,7
1452,1162,Completed,2018-09-10,2018-09-21,2018-09-12,3,6
1453,675,Completed,2018-09-10,2018-09-24,2018-09-11,2,3
1454,387,Shipped,2018-09-12,2018-09-21,2018-09-14,3,9
1455,111,Shipped,2018-09-12,2018-09-22,2018-09-17,3,1
1456,614,Completed,2018-09-12,2018-09-21,2018-09-21,1,10
1457,17,Cancelled,2018-09-12,2018-09-23,2018-09-19,1,3
1458,1206,Completed,2018-09-13,2018-09-19,2018-09-14,3,10
1459,884,Pending,2018-09-13,2018-09-22,2018-09-15,3,7
1460,541,Pending,2018-09-15,2018-09-29,2018-09-16,2,3
1461,171,Completed,2018-09-17,2018-09-24,2018-09-19,3,3
1462,409,Completed,2018-09-18,2018-10-01,2018-09-20,2,2
1463,740,Completed,2018-09-18,2018-09-28,2018-09-29,3,9
1464,1402,Completed,2018-09-19,2018-10-03,2018-09-27,1,4
1465,1212,Processing,2018-09-19,2018-09-26,2018-09-20,1,10
1466,858,Completed,2018-09-20,2018-10-01,2018-09-23,3,6
1467,230,Completed,2018-09-21,2018-09-29,2018-09-22,2,2
1468,119,Completed,2018-09-21,2018-09-28,2018-09-22,2,9
1469,1180,Completed,2018-09-22,2018-10-04,2018-09-23,2,7
1470,784,Completed,2018-09-22,2018-09-30,2018-09-28,3,10
1471,465,Completed,2018-09-24,2018-09-29,,3,5
1472,104,Shipped,2018-09-26,2018-10-06,2018-10-01,1,7
1473,698,Completed,2018-09-26,2018-10-10,2018-09-27,1,4
1474,175,Completed,2018-09-28,2018-10-03,2018-10-11,3,10
1475,745,Pending,2018-09-28,2018-10-07,2018-10-04,1,7
1476,1445,Completed,2018-09-28,2018-10-09,2018-09-29,2,2
1477,1158,Pending,2018-09-28,2018-10-08,2018-09-29,2,7
1478,1415,Pending,2018-09-29,2018-10-05,2018-10-07,3,4
1479,665,Completed,2018-10-01,2018-10-09,2018-10-04,2,4
1480,33,Completed,2018-10-04,2018-10-10,2018-10-05,3,1
1481,55,Completed,2018-10-05,2018-10-10,2018-10-30,2,3
1482,519,Completed,2018-10-05,2018-10-12,2018-10-06,3,5
1483,756,Completed,2018-10-05,2018-10-12,2018-10-07,2,5
1484,12,Completed,2018-10-06,2018-10-17,2018-10-07,2,2
1485,720,Completed,2018-10-07,2018-10-12,2018-10-08,1,4
1486,555,Completed,2018-10-09,2018-10-22,2018-10-10,1,1
1487,373,Pending,2018-10-09,2018-10-19,2018-10-21,1,9
1488,484,Completed,2018-10-10,2018-10-18,2018-10-11,1,1
1489,973,Completed,2018-10-10,2018-10-17,2018-10-16,1,6
1490,1252,Completed,2018-10-11,2018-10-18,2018-10-12,1,7
1491,623,Shipped,2018-10-12,2018-10-18,2018-10-27,3,3
1492,307,Completed,2018-10-12,2018-10-18,2018-10-15,3,1
1493,457,Shipped,2018-10-13,2018-10-27,2018-10-16,1,7
1494,160,Completed,2018-10-14,2018-10-23,2018-10-15,3,3
1495,331,Pending,2018-10-14,2018-10-27,2018-10-17,1,10
1496,776,Completed,2018-10-15,2018-10-21,,3,6
1497,225,Completed,2018-10-16,2018-10-22,2018-10-23,2,6
1498,983,Completed,2018-10-16,2018-10-26,2018-10-21,3,4
1499,729,Completed,2018-10-17,2018-10-31,2018-10-18,3,6
1500,1069,Completed,2018-10-17,2018-10-23,2018-10-24,3,10
1501,1238,Completed,2018-10-18,2018-10-26,2018-10-19,2,4
1502,1083,Processing,2018-10-19,2018-10-29,2018-10-29,1,8
1503,644,Shipped,2018-10-20,2018-10-29,2018-10-30,3,9
1504,616,Completed,2018-10-20,2018-10-25,2018-10-25,3,2
1505,195,Completed,2018-10-22,2018-11-01,2018-10-27,2,7
1506,489,Completed,2018-10-22,2018-10-27,2018-10-25,1,9
1507,157,Pending,2018-10-22,2018-10-29,2018-10-24,3,9
1508,610,Completed,2018-10-22,2018-11-05,2018-10-23,2,5
1509,1250,Cancelled,2018-10-22,2018-10-31,2018-10-23,1,1
1510,412,Completed,2018-10-23,2018-11-06,2018-10-25,1,6
1511,1229,Completed,2018-10-24,2018-11-02,2018-10-29,3,8
1512,1103,Pending,2018-10-25,2018-11-08,,3,1
1513,1148,Processing,2018-10-25,2018-11-04,2018-11-01,3,2
1514,471,Completed,2018-10-26,2018-11-09,2018-10-27,3,1
1515,1242,Completed,2018-10-26,2018-11-07,2018-10-31,2,5
1516,516,Cancelled,2018-10-26,2018-11-04,2018-10-29,2,2
1517,1128,Completed,2018-10-27,2018-11-01,2018-11-08,3,10
1518,393,Shipped,2018-10-29,2018-11-07,2018-10-31,1,10
1519,631,Completed,2018-10-29,2018-11-05,2018-10-31,3,4
1520,608,Processing,2018-10-30,2018-11-07,2018-10-31,1,1
1521,980,Pending,2018-10-30,2018-11-11,2018-11-08,1,7
1522,434,Completed,2018-10-30,2018-11-10,,1,8
1523,1355,Shipped,2018-10-31,2018-11-09,2018-11-01,2,5
1524,1167,Completed,2018-10-31,2018-11-06,2018-11-01,1,2
1525,540,Completed,2018-10-31,2018-11-10,2018-11-07,1,8
1526,278,Completed,2018-11-01,2018-11-11,2018-11-02,2,1
1527,233,Completed,2018-11-03,2018-11-17,2018-11-06,1,7
1528,1114,Pending,2018-11-03,2018-11-17,2018-11-10,1,1
1529,1223,Completed,2018-11-04,2018-11-14,2018-11-09,3,6
1530,362,Completed,2018-11-05,2018-11-18,2018-11-06,1,6
1531,26,Completed,2018-11-05,2018-11-17,2018-11-16,1,5
1532,1049,Completed,2018-11-06,2018-11-18,2018-11-09,1,2
1533,1418,Completed,2018-11-06,2018-11-11,2018-11-08,1,2
1534,507,Processing,2018-11-06,2018-11-15,2018-11-11,1,9
1535,1325,Shipped,2018-11-06,2018-11-17,2018-11-12,2,5
1536,1363,Processing,2018-11-06,2018-11-16,2018-11-07,1,5
1537,267,Completed,2018-11-06,2018-11-15,2018-11-08,1,7
1538,461,Completed,2018-11-07,2018-11-19,2018-11-08,2,6
1539,456,Completed,2018-11-07,2018-11-14,2018-11-17,2,2
1540,1384,Completed,2018-11-07,2018-11-17,2018-11-19,1,1
1541,1092,Completed,2018-11-08,2018-11-17,2018-11-09,1,5
1542,1007,Completed,2018-11-10,2018-11-22,2018-11-25,1,4
1543,863,Completed,2018-11-10,2018-11-18,2018-11-11,3,3
1544,1436,Shipped,2018-11-11,2018-11-23,,3,2
1545,491,Completed,2018-11-12,2018-11-26,2018-12-09,1,10
1546,1073,Completed,2018-11-12,2018-11-18,2018-11-15,2,2
1547,564,Completed,2018-11-18,2018-12-01,2018-11-19,1,4
1548,1126,Completed,2018-11-18,2018-12-01,2018-11-19,2,2
1549,216,Shipped,2018-11-19,2018-12-03,2018-11-20,2,4
1550,559,Completed,2018-11-19,2018-12-03,2018-11-24,2,3
1551,159,Completed,2018-11-20,2018-11-30,2018-11-21,1,9
1552,489,Completed,2018-11-20,2018-11-28,2018-11-21,1,7
1553,686,Completed,2018-11-20,2018-11-28,2018-11-28,2,3
1554,1266,Completed,2018-11-20,2018-11-30,2018-11-24,3,8
1555,794,Processing,2018-11-21,2018-11-30,2018-11-29,3,9
1556,5,Processing,2018-11-22,2018-12-02,2018-11-23,3,7
1557,361,Processing,2018-11-22,2018-12-03,2018-11-25,2,6
1558,459,Completed,2018-11-23,2018-12-04,2018-11-25,1,4
1559,248,Processing,2018-11-24,2018-12-07,,2,5
1560,946,Completed,2018-11-26,2018-12-08,2018-11-27,3,8
1561,422,Completed,2018-11-26,2018-12-06,2018-11-28,1,3
1562,15,Pending,2018-11-27,2018-12-07,2018-12-01,2,2
1563,736,Completed,2018-11-27,2018-12-06,2018-11-29,2,3
1564,1146,Completed,2018-11-27,2018-12-02,2018-11-28,3,7
1565,277,Processing,2018-11-27,2018-12-10,2018-12-07,2,8
1566,453,Completed,2018-11-27,2018-12-10,2018-11-29,1,1
1567,1414,Completed,2018-11-27,2018-12-10,,3,7
1568,1318,Completed,2018-11-28,2018-12-10,2018-12-02,3,9
1569,598,Shipped,2018-11-28,2018-12-12,2018-12-04,1,3
1570,446,Cancelled,2018-11-28,2018-12-05,2018-11-29,3,3
1571,210,Shipped,2018-11-28,2018-12-03,2018-12-12,2,8
1572,714,Completed,2018-11-29,2018-12-11,2018-12-02,2,4
1573,302,Completed,2018-11-29,2018-12-10,2018-11-30,3,8
1574,1247,Completed,2018-11-30,2018-12-09,2018-12-01,1,5
1575,3,Completed,2018-12-01,2018-12-15,2018-12-04,2,3
1576,990,Completed,2018-12-01,2018-12-12,2018-12-02,1,4
1577,1117,Completed,2018-12-02,2018-12-16,2018-12-03,2,4
1578,520,Completed,2018-12-03,2018-12-11,2018-12-05,2,8
1579,493,Cancelled,2018-12-04,2018-12-17,2018-12-05,3,6
1580,1259,Completed,2018-12-04,2018-12-18,,3,7
1581,620,Completed,2018-12-06,2018-12-12,2018-12-07,1,9
1582,1185,Completed,2018-12-09,2018-12-22,2018-12-14,3,6
1583,331,Shipped,2018-12-10,2018-12-23,2018-12-11,2,3
1584,333,Processing,2018-12-11,2018-12-20,2018-12-15,2,3
1585,50,Processing,2018-12-13,2018-12-18,2018-12-17,1,3
1586,863,Shipped,2018-12-13,2018-12-24,2018-12-17,1,10
1587,272,Completed,2018-12-13,2018-12-27,2018-12-21,2,2
1588,580,Completed,2018-12-14,2018-12-28,2018-12-15,3,1
1589,1276,Completed,2018-12-15,2018-12-23,2018-12-18,3,10
1590,560,Completed,2018-12-15,2018-12-28,2018-12-18,1,1
1591,696,Completed,2018-12-15,2018-12-25,,1,4
1592,1114,Completed,2018-12-16,2018-12-23,2018-12-24,2,3
1593,446,Shipped,2018-12-16,2018-12-26,2018-12-21,2,5
1594,1017,Cancelled,2018-12-16,2018-12-30,2018-12-26,1,9
1595,1356,Processing,2018-12-16,2018-12-26,2018-12-19,2,8
1596,1163,Processing,2018-12-16,2018-12-25,2018-12-26,1,9
1597,357,Pending,2018-12-17,2018-12-23,2018-12-18,1,5
1598,274,Completed,2018-12-17,2018-12-31,2018-12-18,3,8
1599,1043,Completed,2018-12-17,2018-12-31,2018-12-27,1,4
1600,311,Pending,2018-12-17,2018-12-23,2018-12-19,2,5
1601,870,Processing,2018-12-17,2018-12-28,2018-12-19,3,3
1602,886,Completed,2018-12-20,2018-12-26,2018-12-21,3,5
1603,154,Shipped,2018-12-20,2018-12-30,2018-12-21,2,3
1604,1414,Completed,2018-12-20,2018-12-29,2018-12-22,2,5
1605,1284,Completed,2018-12-21,2018-12-29,2018-12-23,2,5
1606,620,Pending,2018-12-21,2019-01-01,,1,6
1607,883,Completed,2018-12-23,2019-01-04,,3,9
1608,797,Completed,2018-12-25,2019-01-02,2018-12-29,1,1
1609,125,Completed,2018-12-26,2018-12-31,2018-12-28,1,10
1610,1378,Processing,2018-12-27,2019-01-01,,1,6
1611,1297,Completed,2018-12-27,2019-01-01,2018-12-30,1,1
1612,619,Pending,2018-12-27,2019-01-01,2018-12-28,3,6
1613,245,Completed,2018-12-28,2019-01-06,2018-12-29,3,2
1614,848,Completed,2018-12-30,2019-01-07,2018-12-31,1,8
1615,450,Cancelled,2018-12-30,2019-01-12,2018-12-31,2,3
